--------------------------------------------------------
--  파일이 생성됨 - 수요일-11월-12-2025   
--------------------------------------------------------
--------------------------------------------------------
--  DDL for Table CART
--------------------------------------------------------

  CREATE TABLE "SYSTEM"."CART" 
   (	"CART_NO" NUMBER, 
	"PRODUCT_NO" NUMBER, 
	"USER_ID" VARCHAR2(50 BYTE), 
	"QUANTITY" NUMBER, 
	"ADDED_AT" DATE DEFAULT SYSDATE, 
	"FULFILLMENT" VARCHAR2(10 BYTE) DEFAULT 'delivery', 
	"SHIPPING_FEE" NUMBER(10,0) DEFAULT 0, 
	"OPTION_NO" NUMBER
   ) SEGMENT CREATION IMMEDIATE 
  PCTFREE 10 PCTUSED 40 INITRANS 1 MAXTRANS 255 
 NOCOMPRESS LOGGING
  STORAGE(INITIAL 65536 NEXT 1048576 MINEXTENTS 1 MAXEXTENTS 2147483645
  PCTINCREASE 0 FREELISTS 1 FREELIST GROUPS 1
  BUFFER_POOL DEFAULT FLASH_CACHE DEFAULT CELL_FLASH_CACHE DEFAULT)
  TABLESPACE "USERS" ;

   COMMENT ON COLUMN "SYSTEM"."CART"."PRODUCT_NO" IS 'FK';
   COMMENT ON COLUMN "SYSTEM"."CART"."USER_ID" IS 'FK';
--------------------------------------------------------
--  DDL for Table CATEGORY_IMAGE
--------------------------------------------------------

  CREATE TABLE "SYSTEM"."CATEGORY_IMAGE" 
   (	"IMAGE_NO" NUMBER, 
	"CATEGORY_NO" NUMBER, 
	"IMAGE_URL" VARCHAR2(500 BYTE), 
	"CDATETIME" DATE DEFAULT SYSDATE, 
	"UDATETIME" DATE DEFAULT SYSDATE
   ) SEGMENT CREATION IMMEDIATE 
  PCTFREE 10 PCTUSED 40 INITRANS 1 MAXTRANS 255 
 NOCOMPRESS LOGGING
  STORAGE(INITIAL 65536 NEXT 1048576 MINEXTENTS 1 MAXEXTENTS 2147483645
  PCTINCREASE 0 FREELISTS 1 FREELIST GROUPS 1
  BUFFER_POOL DEFAULT FLASH_CACHE DEFAULT CELL_FLASH_CACHE DEFAULT)
  TABLESPACE "USERS" ;
--------------------------------------------------------
--  DDL for Table DELIVERY
--------------------------------------------------------

  CREATE TABLE "SYSTEM"."DELIVERY" 
   (	"DELIVERY_NO" NUMBER, 
	"ORDER_NO" NUMBER, 
	"TRACKING_NO" VARCHAR2(50 BYTE), 
	"COURIER" VARCHAR2(50 BYTE), 
	"DELIVERY_STATUS" VARCHAR2(100 BYTE) DEFAULT '준비중', 
	"SHIPPED_AT" DATE DEFAULT SYSDATE, 
	"DELIVERY_AT" DATE
   ) SEGMENT CREATION IMMEDIATE 
  PCTFREE 10 PCTUSED 40 INITRANS 1 MAXTRANS 255 
 NOCOMPRESS LOGGING
  STORAGE(INITIAL 65536 NEXT 1048576 MINEXTENTS 1 MAXEXTENTS 2147483645
  PCTINCREASE 0 FREELISTS 1 FREELIST GROUPS 1
  BUFFER_POOL DEFAULT FLASH_CACHE DEFAULT CELL_FLASH_CACHE DEFAULT)
  TABLESPACE "USERS" ;

   COMMENT ON COLUMN "SYSTEM"."DELIVERY"."ORDER_NO" IS 'FK';
   COMMENT ON COLUMN "SYSTEM"."DELIVERY"."DELIVERY_STATUS" IS '준비중, 배송중, 배송완료';
--------------------------------------------------------
--  DDL for Table INQUIRY
--------------------------------------------------------

  CREATE TABLE "SYSTEM"."INQUIRY" 
   (	"INQUIRY_NO" NUMBER, 
	"USER_ID" VARCHAR2(50 BYTE), 
	"CATEGORY" VARCHAR2(50 BYTE), 
	"TITLE" VARCHAR2(200 BYTE), 
	"CONTENT" VARCHAR2(4000 BYTE), 
	"STATUS" VARCHAR2(20 BYTE) DEFAULT '대기', 
	"CDATETIME" DATE DEFAULT SYSDATE, 
	"UDATETIME" DATE DEFAULT SYSDATE, 
	"IS_SECRET" CHAR(1 BYTE) DEFAULT 'N', 
	"ORDER_NO" NUMBER, 
	"CNT" NUMBER DEFAULT 0, 
	"PASSWORD" VARCHAR2(20 BYTE)
   ) SEGMENT CREATION IMMEDIATE 
  PCTFREE 10 PCTUSED 40 INITRANS 1 MAXTRANS 255 
 NOCOMPRESS LOGGING
  STORAGE(INITIAL 65536 NEXT 1048576 MINEXTENTS 1 MAXEXTENTS 2147483645
  PCTINCREASE 0 FREELISTS 1 FREELIST GROUPS 1
  BUFFER_POOL DEFAULT FLASH_CACHE DEFAULT CELL_FLASH_CACHE DEFAULT)
  TABLESPACE "USERS" ;

   COMMENT ON COLUMN "SYSTEM"."INQUIRY"."USER_ID" IS 'FK';
   COMMENT ON COLUMN "SYSTEM"."INQUIRY"."CATEGORY" IS '주문/배송, 결제, 상품, 취소/환불,기타';
   COMMENT ON COLUMN "SYSTEM"."INQUIRY"."STATUS" IS '대기, 답변완료, 삭제';
   COMMENT ON COLUMN "SYSTEM"."INQUIRY"."IS_SECRET" IS 'Y,N';
--------------------------------------------------------
--  DDL for Table INQUIRY_ANSWER
--------------------------------------------------------

  CREATE TABLE "SYSTEM"."INQUIRY_ANSWER" 
   (	"ANSWER_NO" NUMBER, 
	"INQUIRY_NO" NUMBER, 
	"SELLER_ID" VARCHAR2(50 BYTE), 
	"CONTENT" VARCHAR2(500 BYTE), 
	"CDATETIME" DATE DEFAULT SYSDATE, 
	"UDATETIME" DATE DEFAULT SYSDATE
   ) SEGMENT CREATION IMMEDIATE 
  PCTFREE 10 PCTUSED 40 INITRANS 1 MAXTRANS 255 
 NOCOMPRESS LOGGING
  STORAGE(INITIAL 65536 NEXT 1048576 MINEXTENTS 1 MAXEXTENTS 2147483645
  PCTINCREASE 0 FREELISTS 1 FREELIST GROUPS 1
  BUFFER_POOL DEFAULT FLASH_CACHE DEFAULT CELL_FLASH_CACHE DEFAULT)
  TABLESPACE "USERS" ;

   COMMENT ON COLUMN "SYSTEM"."INQUIRY_ANSWER"."INQUIRY_NO" IS 'FK';
   COMMENT ON COLUMN "SYSTEM"."INQUIRY_ANSWER"."SELLER_ID" IS 'FK';
   COMMENT ON COLUMN "SYSTEM"."INQUIRY_ANSWER"."CDATETIME" IS 'SYSDATE';
   COMMENT ON COLUMN "SYSTEM"."INQUIRY_ANSWER"."UDATETIME" IS 'SYSDATE';
--------------------------------------------------------
--  DDL for Table MAIN_BANNER
--------------------------------------------------------

  CREATE TABLE "SYSTEM"."MAIN_BANNER" 
   (	"BANNER_NO" NUMBER, 
	"IMAGE_URL" VARCHAR2(500 BYTE), 
	"LINK_URL" VARCHAR2(500 BYTE), 
	"TITLE" VARCHAR2(100 BYTE), 
	"DISPLAY_ORDER" NUMBER DEFAULT 1, 
	"IS_ACTIVE" CHAR(1 BYTE) DEFAULT 'Y', 
	"CDATETIME" DATE DEFAULT SYSDATE, 
	"UDATETIME" DATE DEFAULT SYSDATE
   ) SEGMENT CREATION IMMEDIATE 
  PCTFREE 10 PCTUSED 40 INITRANS 1 MAXTRANS 255 
 NOCOMPRESS LOGGING
  STORAGE(INITIAL 65536 NEXT 1048576 MINEXTENTS 1 MAXEXTENTS 2147483645
  PCTINCREASE 0 FREELISTS 1 FREELIST GROUPS 1
  BUFFER_POOL DEFAULT FLASH_CACHE DEFAULT CELL_FLASH_CACHE DEFAULT)
  TABLESPACE "USERS" ;
--------------------------------------------------------
--  DDL for Table NOTICE
--------------------------------------------------------

  CREATE TABLE "SYSTEM"."NOTICE" 
   (	"NOTICE_NO" NUMBER, 
	"USER_ID" VARCHAR2(50 BYTE), 
	"TITLE" VARCHAR2(100 BYTE), 
	"CONTENTS" VARCHAR2(500 BYTE), 
	"CNT" NUMBER, 
	"CDATETIME" DATE DEFAULT SYSDATE, 
	"UDATETIME" DATE DEFAULT SYSDATE
   ) SEGMENT CREATION IMMEDIATE 
  PCTFREE 10 PCTUSED 40 INITRANS 1 MAXTRANS 255 
 NOCOMPRESS LOGGING
  STORAGE(INITIAL 65536 NEXT 1048576 MINEXTENTS 1 MAXEXTENTS 2147483645
  PCTINCREASE 0 FREELISTS 1 FREELIST GROUPS 1
  BUFFER_POOL DEFAULT FLASH_CACHE DEFAULT CELL_FLASH_CACHE DEFAULT)
  TABLESPACE "USERS" ;

   COMMENT ON COLUMN "SYSTEM"."NOTICE"."USER_ID" IS 'FK';
   COMMENT ON COLUMN "SYSTEM"."NOTICE"."CDATETIME" IS 'SYSDATE';
   COMMENT ON COLUMN "SYSTEM"."NOTICE"."UDATETIME" IS 'SYSDATE';
--------------------------------------------------------
--  DDL for Table NOTICE_COMMENT
--------------------------------------------------------

  CREATE TABLE "SYSTEM"."NOTICE_COMMENT" 
   (	"COMMENT_NO" NUMBER, 
	"NOTICE_NO" NUMBER, 
	"USER_ID" VARCHAR2(50 BYTE), 
	"PARENT_COMMENT_NO" NUMBER, 
	"CONTENTS" VARCHAR2(1000 BYTE), 
	"CDATETIME" DATE DEFAULT SYSDATE, 
	"UDATETIME" DATE DEFAULT SYSDATE
   ) SEGMENT CREATION IMMEDIATE 
  PCTFREE 10 PCTUSED 40 INITRANS 1 MAXTRANS 255 
 NOCOMPRESS LOGGING
  STORAGE(INITIAL 65536 NEXT 1048576 MINEXTENTS 1 MAXEXTENTS 2147483645
  PCTINCREASE 0 FREELISTS 1 FREELIST GROUPS 1
  BUFFER_POOL DEFAULT FLASH_CACHE DEFAULT CELL_FLASH_CACHE DEFAULT)
  TABLESPACE "USERS" ;

   COMMENT ON COLUMN "SYSTEM"."NOTICE_COMMENT"."COMMENT_NO" IS '댓글 번호 (PK)';
   COMMENT ON COLUMN "SYSTEM"."NOTICE_COMMENT"."NOTICE_NO" IS '공지사항 번호 (FK)';
   COMMENT ON COLUMN "SYSTEM"."NOTICE_COMMENT"."USER_ID" IS '작성자 ID (FK)';
   COMMENT ON COLUMN "SYSTEM"."NOTICE_COMMENT"."PARENT_COMMENT_NO" IS '부모 댓글 번호 (대댓글용)';
   COMMENT ON COLUMN "SYSTEM"."NOTICE_COMMENT"."CONTENTS" IS '댓글 내용';
   COMMENT ON COLUMN "SYSTEM"."NOTICE_COMMENT"."CDATETIME" IS '작성일';
   COMMENT ON COLUMN "SYSTEM"."NOTICE_COMMENT"."UDATETIME" IS '수정일';
--------------------------------------------------------
--  DDL for Table ORDER_ITEM
--------------------------------------------------------

  CREATE TABLE "SYSTEM"."ORDER_ITEM" 
   (	"ORDER_ITEM_NO" NUMBER, 
	"QUANTITY" NUMBER(*,0), 
	"PRICE" NUMBER(*,0), 
	"PRODUCT_NO" NUMBER, 
	"ORDER_NO" NUMBER, 
	"OPTION_NO" NUMBER
   ) SEGMENT CREATION IMMEDIATE 
  PCTFREE 10 PCTUSED 40 INITRANS 1 MAXTRANS 255 
 NOCOMPRESS LOGGING
  STORAGE(INITIAL 65536 NEXT 1048576 MINEXTENTS 1 MAXEXTENTS 2147483645
  PCTINCREASE 0 FREELISTS 1 FREELIST GROUPS 1
  BUFFER_POOL DEFAULT FLASH_CACHE DEFAULT CELL_FLASH_CACHE DEFAULT)
  TABLESPACE "USERS" ;

   COMMENT ON COLUMN "SYSTEM"."ORDER_ITEM"."PRODUCT_NO" IS 'FK';
   COMMENT ON COLUMN "SYSTEM"."ORDER_ITEM"."ORDER_NO" IS 'FK';
--------------------------------------------------------
--  DDL for Table ORDERS
--------------------------------------------------------

  CREATE TABLE "SYSTEM"."ORDERS" 
   (	"ORDER_NO" NUMBER, 
	"TOTAL_PRICE" NUMBER(*,0), 
	"STATUS" VARCHAR2(50 BYTE), 
	"RECEIV_NAME" VARCHAR2(50 BYTE), 
	"RECEIV_PHONE" VARCHAR2(20 BYTE), 
	"DELIVER_ADDR" VARCHAR2(255 BYTE), 
	"MEMO" VARCHAR2(255 BYTE), 
	"ORDERDATE" DATE DEFAULT SYSDATE, 
	"UDATETIME" DATE DEFAULT SYSDATE, 
	"BUYER_ID" VARCHAR2(50 BYTE)
   ) SEGMENT CREATION IMMEDIATE 
  PCTFREE 10 PCTUSED 40 INITRANS 1 MAXTRANS 255 
 NOCOMPRESS LOGGING
  STORAGE(INITIAL 65536 NEXT 1048576 MINEXTENTS 1 MAXEXTENTS 2147483645
  PCTINCREASE 0 FREELISTS 1 FREELIST GROUPS 1
  BUFFER_POOL DEFAULT FLASH_CACHE DEFAULT CELL_FLASH_CACHE DEFAULT)
  TABLESPACE "USERS" ;

   COMMENT ON COLUMN "SYSTEM"."ORDERS"."STATUS" IS '결제완료,배송중,배송완료,취소';
   COMMENT ON COLUMN "SYSTEM"."ORDERS"."BUYER_ID" IS 'FK';
--------------------------------------------------------
--  DDL for Table PAYMENT
--------------------------------------------------------

  CREATE TABLE "SYSTEM"."PAYMENT" 
   (	"PAYMENT_NO" NUMBER, 
	"ORDER_NO" NUMBER, 
	"PAYMENT_METHOD" VARCHAR2(50 BYTE), 
	"PAYMENT_STATUS" VARCHAR2(50 BYTE), 
	"TRANSACTION_NO" VARCHAR2(100 BYTE), 
	"AMOUNT" NUMBER, 
	"PAID_AT" DATE DEFAULT SYSDATE
   ) SEGMENT CREATION IMMEDIATE 
  PCTFREE 10 PCTUSED 40 INITRANS 1 MAXTRANS 255 
 NOCOMPRESS LOGGING
  STORAGE(INITIAL 65536 NEXT 1048576 MINEXTENTS 1 MAXEXTENTS 2147483645
  PCTINCREASE 0 FREELISTS 1 FREELIST GROUPS 1
  BUFFER_POOL DEFAULT FLASH_CACHE DEFAULT CELL_FLASH_CACHE DEFAULT)
  TABLESPACE "USERS" ;

   COMMENT ON COLUMN "SYSTEM"."PAYMENT"."PAYMENT_NO" IS 'PK';
   COMMENT ON COLUMN "SYSTEM"."PAYMENT"."ORDER_NO" IS 'FK';
   COMMENT ON COLUMN "SYSTEM"."PAYMENT"."PAYMENT_METHOD" IS 'CARD,KAKAOPAY,TOSS,NAVERPAY';
   COMMENT ON COLUMN "SYSTEM"."PAYMENT"."PAYMENT_STATUS" IS 'SUCCESS,FAILED,REFUNDED';
--------------------------------------------------------
--  DDL for Table PRODUCT
--------------------------------------------------------

  CREATE TABLE "SYSTEM"."PRODUCT" 
   (	"PRODUCT_NO" NUMBER, 
	"SELLER_ID" VARCHAR2(50 BYTE), 
	"CATEGORY_NO" NUMBER, 
	"PNAME" VARCHAR2(100 BYTE), 
	"PINFO" VARCHAR2(4000 BYTE), 
	"PRICE" NUMBER(*,0), 
	"ORIGIN" VARCHAR2(100 BYTE), 
	"CDATETIME" DATE DEFAULT SYSDATE, 
	"UDATETIME" DATE DEFAULT SYSDATE, 
	"RECOMMEND" CHAR(1 BYTE) DEFAULT 'N', 
	"PRODUCT_STATUS" VARCHAR2(20 BYTE) DEFAULT 'SELLING'
   ) SEGMENT CREATION IMMEDIATE 
  PCTFREE 10 PCTUSED 40 INITRANS 1 MAXTRANS 255 
 NOCOMPRESS LOGGING
  STORAGE(INITIAL 65536 NEXT 1048576 MINEXTENTS 1 MAXEXTENTS 2147483645
  PCTINCREASE 0 FREELISTS 1 FREELIST GROUPS 1
  BUFFER_POOL DEFAULT FLASH_CACHE DEFAULT CELL_FLASH_CACHE DEFAULT)
  TABLESPACE "USERS" ;

   COMMENT ON COLUMN "SYSTEM"."PRODUCT"."SELLER_ID" IS 'FK, 정규화 적용';
   COMMENT ON COLUMN "SYSTEM"."PRODUCT"."CATEGORY_NO" IS 'FK';
   COMMENT ON COLUMN "SYSTEM"."PRODUCT"."RECOMMEND" IS 'Y,N 으로 표시';
   COMMENT ON COLUMN "SYSTEM"."PRODUCT"."PRODUCT_STATUS" IS 'selling, soldout, hidden';
--------------------------------------------------------
--  DDL for Table PRODUCT_CATEGORY
--------------------------------------------------------

  CREATE TABLE "SYSTEM"."PRODUCT_CATEGORY" 
   (	"CATEGORY_NO" NUMBER, 
	"CATEGORY_NAME" VARCHAR2(50 BYTE), 
	"PARENT_CATEGORY_NO" NUMBER
   ) SEGMENT CREATION IMMEDIATE 
  PCTFREE 10 PCTUSED 40 INITRANS 1 MAXTRANS 255 
 NOCOMPRESS LOGGING
  STORAGE(INITIAL 65536 NEXT 1048576 MINEXTENTS 1 MAXEXTENTS 2147483645
  PCTINCREASE 0 FREELISTS 1 FREELIST GROUPS 1
  BUFFER_POOL DEFAULT FLASH_CACHE DEFAULT CELL_FLASH_CACHE DEFAULT)
  TABLESPACE "USERS" ;
--------------------------------------------------------
--  DDL for Table PRODUCT_IMAGE
--------------------------------------------------------

  CREATE TABLE "SYSTEM"."PRODUCT_IMAGE" 
   (	"IMAGE_ID" NUMBER, 
	"PRODUCT_NO" NUMBER, 
	"IS_THUMBNAIL" CHAR(1 BYTE) DEFAULT 'N', 
	"SORT_ORDER" NUMBER, 
	"IMAGE_URL" CLOB
   ) SEGMENT CREATION IMMEDIATE 
  PCTFREE 10 PCTUSED 40 INITRANS 1 MAXTRANS 255 
 NOCOMPRESS LOGGING
  STORAGE(INITIAL 65536 NEXT 1048576 MINEXTENTS 1 MAXEXTENTS 2147483645
  PCTINCREASE 0 FREELISTS 1 FREELIST GROUPS 1
  BUFFER_POOL DEFAULT FLASH_CACHE DEFAULT CELL_FLASH_CACHE DEFAULT)
  TABLESPACE "USERS" 
 LOB ("IMAGE_URL") STORE AS SECUREFILE (
  TABLESPACE "USERS" ENABLE STORAGE IN ROW CHUNK 8192
  NOCACHE LOGGING  NOCOMPRESS  KEEP_DUPLICATES 
  STORAGE(INITIAL 106496 NEXT 1048576 MINEXTENTS 1 MAXEXTENTS 2147483645
  PCTINCREASE 0
  BUFFER_POOL DEFAULT FLASH_CACHE DEFAULT CELL_FLASH_CACHE DEFAULT)) ;

   COMMENT ON COLUMN "SYSTEM"."PRODUCT_IMAGE"."PRODUCT_NO" IS 'FK';
   COMMENT ON COLUMN "SYSTEM"."PRODUCT_IMAGE"."IS_THUMBNAIL" IS 'N,Y,A';
--------------------------------------------------------
--  DDL for Table PRODUCT_OPTION
--------------------------------------------------------

  CREATE TABLE "SYSTEM"."PRODUCT_OPTION" 
   (	"OPTION_NO" NUMBER, 
	"PRODUCT_NO" NUMBER, 
	"UNIT" VARCHAR2(50 BYTE), 
	"STOCK_QTY" NUMBER DEFAULT 0, 
	"ADD_PRICE" NUMBER DEFAULT 0, 
	"IS_ACTIVE" CHAR(1 BYTE) DEFAULT 'Y', 
	"CDATETIME" DATE DEFAULT SYSDATE, 
	"UDATETIME" DATE DEFAULT SYSDATE
   ) SEGMENT CREATION IMMEDIATE 
  PCTFREE 10 PCTUSED 40 INITRANS 1 MAXTRANS 255 
 NOCOMPRESS LOGGING
  STORAGE(INITIAL 65536 NEXT 1048576 MINEXTENTS 1 MAXEXTENTS 2147483645
  PCTINCREASE 0 FREELISTS 1 FREELIST GROUPS 1
  BUFFER_POOL DEFAULT FLASH_CACHE DEFAULT CELL_FLASH_CACHE DEFAULT)
  TABLESPACE "USERS" ;
--------------------------------------------------------
--  DDL for Table PRODUCT_QNA
--------------------------------------------------------

  CREATE TABLE "SYSTEM"."PRODUCT_QNA" 
   (	"QNA_NO" NUMBER, 
	"PRODUCT_NO" NUMBER, 
	"USER_ID" VARCHAR2(50 BYTE), 
	"TITLE" VARCHAR2(200 BYTE), 
	"CONTENT" VARCHAR2(4000 BYTE), 
	"IS_SECRET" CHAR(1 BYTE) DEFAULT 'N', 
	"PASSWORD" VARCHAR2(100 BYTE), 
	"STATUS" VARCHAR2(20 BYTE) DEFAULT '대기', 
	"CNT" NUMBER DEFAULT 0, 
	"CDATETIME" DATE DEFAULT SYSDATE, 
	"UDATETIME" DATE DEFAULT SYSDATE
   ) SEGMENT CREATION IMMEDIATE 
  PCTFREE 10 PCTUSED 40 INITRANS 1 MAXTRANS 255 
 NOCOMPRESS LOGGING
  STORAGE(INITIAL 65536 NEXT 1048576 MINEXTENTS 1 MAXEXTENTS 2147483645
  PCTINCREASE 0 FREELISTS 1 FREELIST GROUPS 1
  BUFFER_POOL DEFAULT FLASH_CACHE DEFAULT CELL_FLASH_CACHE DEFAULT)
  TABLESPACE "USERS" ;
--------------------------------------------------------
--  DDL for Table PRODUCT_QNA_ANSWER
--------------------------------------------------------

  CREATE TABLE "SYSTEM"."PRODUCT_QNA_ANSWER" 
   (	"ANSWER_NO" NUMBER, 
	"QNA_NO" NUMBER, 
	"SELLER_ID" VARCHAR2(50 BYTE), 
	"CONTENT" VARCHAR2(2000 BYTE), 
	"CDATETIME" DATE DEFAULT SYSDATE, 
	"UDATETIME" DATE DEFAULT SYSDATE
   ) SEGMENT CREATION IMMEDIATE 
  PCTFREE 10 PCTUSED 40 INITRANS 1 MAXTRANS 255 
 NOCOMPRESS LOGGING
  STORAGE(INITIAL 65536 NEXT 1048576 MINEXTENTS 1 MAXEXTENTS 2147483645
  PCTINCREASE 0 FREELISTS 1 FREELIST GROUPS 1
  BUFFER_POOL DEFAULT FLASH_CACHE DEFAULT CELL_FLASH_CACHE DEFAULT)
  TABLESPACE "USERS" ;
--------------------------------------------------------
--  DDL for Table REFUND
--------------------------------------------------------

  CREATE TABLE "SYSTEM"."REFUND" 
   (	"REFUND_NO" NUMBER, 
	"ORDER_ITEM_NO" NUMBER, 
	"REFUND_AMOUNT" NUMBER, 
	"REASON" VARCHAR2(500 BYTE), 
	"STATUS" VARCHAR2(50 BYTE), 
	"REQUESTED_AT" DATE DEFAULT SYSDATE, 
	"COMPLETED_AT" DATE
   ) SEGMENT CREATION IMMEDIATE 
  PCTFREE 10 PCTUSED 40 INITRANS 1 MAXTRANS 255 
 NOCOMPRESS LOGGING
  STORAGE(INITIAL 65536 NEXT 1048576 MINEXTENTS 1 MAXEXTENTS 2147483645
  PCTINCREASE 0 FREELISTS 1 FREELIST GROUPS 1
  BUFFER_POOL DEFAULT FLASH_CACHE DEFAULT CELL_FLASH_CACHE DEFAULT)
  TABLESPACE "USERS" ;

   COMMENT ON COLUMN "SYSTEM"."REFUND"."ORDER_ITEM_NO" IS 'FK';
   COMMENT ON COLUMN "SYSTEM"."REFUND"."STATUS" IS '승인,거절';
--------------------------------------------------------
--  DDL for Table REVIEW
--------------------------------------------------------

  CREATE TABLE "SYSTEM"."REVIEW" 
   (	"REVIEW_NO" NUMBER, 
	"RATING" NUMBER, 
	"RECOMMEND" NUMBER, 
	"CONTENT" VARCHAR2(500 BYTE), 
	"CREATED_AT" DATE DEFAULT SYSDATE, 
	"USER_ID" VARCHAR2(50 BYTE), 
	"PRODUCT_NO" NUMBER, 
	"ORDER_ITEM_NO" NUMBER, 
	"IMAGE_NO" CLOB, 
	"UDATETIME" DATE DEFAULT SYSDATE
   ) SEGMENT CREATION IMMEDIATE 
  PCTFREE 10 PCTUSED 40 INITRANS 1 MAXTRANS 255 
 NOCOMPRESS LOGGING
  STORAGE(INITIAL 65536 NEXT 1048576 MINEXTENTS 1 MAXEXTENTS 2147483645
  PCTINCREASE 0 FREELISTS 1 FREELIST GROUPS 1
  BUFFER_POOL DEFAULT FLASH_CACHE DEFAULT CELL_FLASH_CACHE DEFAULT)
  TABLESPACE "USERS" 
 LOB ("IMAGE_NO") STORE AS SECUREFILE (
  TABLESPACE "USERS" ENABLE STORAGE IN ROW CHUNK 8192
  NOCACHE LOGGING  NOCOMPRESS  KEEP_DUPLICATES 
  STORAGE(INITIAL 106496 NEXT 1048576 MINEXTENTS 1 MAXEXTENTS 2147483645
  PCTINCREASE 0
  BUFFER_POOL DEFAULT FLASH_CACHE DEFAULT CELL_FLASH_CACHE DEFAULT)) ;

   COMMENT ON COLUMN "SYSTEM"."REVIEW"."RATING" IS '1~5점';
   COMMENT ON COLUMN "SYSTEM"."REVIEW"."USER_ID" IS 'FK';
   COMMENT ON COLUMN "SYSTEM"."REVIEW"."PRODUCT_NO" IS 'FK';
   COMMENT ON COLUMN "SYSTEM"."REVIEW"."ORDER_ITEM_NO" IS 'FK';
--------------------------------------------------------
--  DDL for Table REVIEW_COMMENT
--------------------------------------------------------

  CREATE TABLE "SYSTEM"."REVIEW_COMMENT" 
   (	"COMMENT_NO" NUMBER, 
	"REVIEW_NO" NUMBER, 
	"USER_ID" VARCHAR2(50 BYTE), 
	"CONTENTS" VARCHAR2(4000 BYTE), 
	"CDATETIME" DATE, 
	"UDATETIME" DATE
   ) SEGMENT CREATION IMMEDIATE 
  PCTFREE 10 PCTUSED 40 INITRANS 1 MAXTRANS 255 
 NOCOMPRESS LOGGING
  STORAGE(INITIAL 65536 NEXT 1048576 MINEXTENTS 1 MAXEXTENTS 2147483645
  PCTINCREASE 0 FREELISTS 1 FREELIST GROUPS 1
  BUFFER_POOL DEFAULT FLASH_CACHE DEFAULT CELL_FLASH_CACHE DEFAULT)
  TABLESPACE "USERS" ;

   COMMENT ON COLUMN "SYSTEM"."REVIEW_COMMENT"."REVIEW_NO" IS 'FK';
   COMMENT ON COLUMN "SYSTEM"."REVIEW_COMMENT"."USER_ID" IS 'FK';
--------------------------------------------------------
--  DDL for Table REVIEW_IMAGE
--------------------------------------------------------

  CREATE TABLE "SYSTEM"."REVIEW_IMAGE" 
   (	"IMAGE_NO" NUMBER, 
	"REVIEW_NO" NUMBER, 
	"IMAGE_URL" CLOB, 
	"CDATETIME" DATE DEFAULT SYSDATE, 
	"UDATETIME" DATE DEFAULT SYSDATE
   ) SEGMENT CREATION IMMEDIATE 
  PCTFREE 10 PCTUSED 40 INITRANS 1 MAXTRANS 255 
 NOCOMPRESS LOGGING
  STORAGE(INITIAL 65536 NEXT 1048576 MINEXTENTS 1 MAXEXTENTS 2147483645
  PCTINCREASE 0 FREELISTS 1 FREELIST GROUPS 1
  BUFFER_POOL DEFAULT FLASH_CACHE DEFAULT CELL_FLASH_CACHE DEFAULT)
  TABLESPACE "USERS" 
 LOB ("IMAGE_URL") STORE AS SECUREFILE (
  TABLESPACE "USERS" ENABLE STORAGE IN ROW CHUNK 8192
  NOCACHE LOGGING  NOCOMPRESS  KEEP_DUPLICATES 
  STORAGE(INITIAL 106496 NEXT 1048576 MINEXTENTS 1 MAXEXTENTS 2147483645
  PCTINCREASE 0
  BUFFER_POOL DEFAULT FLASH_CACHE DEFAULT CELL_FLASH_CACHE DEFAULT)) ;
--------------------------------------------------------
--  DDL for Table REVIEW_RECOMMEND
--------------------------------------------------------

  CREATE TABLE "SYSTEM"."REVIEW_RECOMMEND" 
   (	"USER_ID" VARCHAR2(50 BYTE), 
	"REVIEW_NO" NUMBER, 
	"CDATETIME" DATE DEFAULT SYSDATE
   ) SEGMENT CREATION IMMEDIATE 
  PCTFREE 10 PCTUSED 40 INITRANS 1 MAXTRANS 255 
 NOCOMPRESS LOGGING
  STORAGE(INITIAL 65536 NEXT 1048576 MINEXTENTS 1 MAXEXTENTS 2147483645
  PCTINCREASE 0 FREELISTS 1 FREELIST GROUPS 1
  BUFFER_POOL DEFAULT FLASH_CACHE DEFAULT CELL_FLASH_CACHE DEFAULT)
  TABLESPACE "USERS" ;

   COMMENT ON COLUMN "SYSTEM"."REVIEW_RECOMMEND"."USER_ID" IS '추천한 사용자 ID';
   COMMENT ON COLUMN "SYSTEM"."REVIEW_RECOMMEND"."REVIEW_NO" IS '추천된 리뷰 번호';
   COMMENT ON COLUMN "SYSTEM"."REVIEW_RECOMMEND"."CDATETIME" IS '추천 일시';
   COMMENT ON TABLE "SYSTEM"."REVIEW_RECOMMEND"  IS '리뷰 추천 기록 테이블';
--------------------------------------------------------
--  DDL for Table SELLER_INFO
--------------------------------------------------------

  CREATE TABLE "SYSTEM"."SELLER_INFO" 
   (	"USER_ID" VARCHAR2(50 BYTE), 
	"BUSINESS_NAME" VARCHAR2(100 BYTE), 
	"BUSINESS_LI" VARCHAR2(255 BYTE), 
	"VERIFIED" CHAR(1 BYTE) DEFAULT 'N', 
	"BUSINESS_NUMBER" NUMBER, 
	"ACCOUNT" VARCHAR2(40 BYTE), 
	"BANKNAME" VARCHAR2(20 BYTE), 
	"LAT" NUMBER(10,6), 
	"LNG" NUMBER(10,6), 
	"PROFILE_IMG" VARCHAR2(500 BYTE)
   ) SEGMENT CREATION IMMEDIATE 
  PCTFREE 10 PCTUSED 40 INITRANS 1 MAXTRANS 255 
 NOCOMPRESS LOGGING
  STORAGE(INITIAL 65536 NEXT 1048576 MINEXTENTS 1 MAXEXTENTS 2147483645
  PCTINCREASE 0 FREELISTS 1 FREELIST GROUPS 1
  BUFFER_POOL DEFAULT FLASH_CACHE DEFAULT CELL_FLASH_CACHE DEFAULT)
  TABLESPACE "USERS" ;

   COMMENT ON COLUMN "SYSTEM"."SELLER_INFO"."USER_ID" IS 'PK, 정규화 적용';
   COMMENT ON COLUMN "SYSTEM"."SELLER_INFO"."VERIFIED" IS '(Y,N) N일시 판매자 기능 사용 X';
--------------------------------------------------------
--  DDL for Table USERS
--------------------------------------------------------

  CREATE TABLE "SYSTEM"."USERS" 
   (	"USER_ID" VARCHAR2(50 BYTE), 
	"EMAIL" VARCHAR2(100 BYTE), 
	"PASSWORD" VARCHAR2(255 BYTE), 
	"NAME" VARCHAR2(50 BYTE), 
	"PHONE" VARCHAR2(20 BYTE), 
	"USER_ROLE" VARCHAR2(20 BYTE), 
	"ADDRESS" VARCHAR2(255 BYTE), 
	"CDATETIME" DATE, 
	"UDATETIME" DATE, 
	"LAT" NUMBER(10,6), 
	"LNG" NUMBER(10,6), 
	"STATUS" VARCHAR2(20 BYTE) DEFAULT 'ACTIVE', 
	"USER_BIRTH" DATE, 
	"USER_GENDER" CHAR(1 BYTE)
   ) SEGMENT CREATION IMMEDIATE 
  PCTFREE 10 PCTUSED 40 INITRANS 1 MAXTRANS 255 
 NOCOMPRESS LOGGING
  STORAGE(INITIAL 65536 NEXT 1048576 MINEXTENTS 1 MAXEXTENTS 2147483645
  PCTINCREASE 0 FREELISTS 1 FREELIST GROUPS 1
  BUFFER_POOL DEFAULT FLASH_CACHE DEFAULT CELL_FLASH_CACHE DEFAULT)
  TABLESPACE "USERS" ;

   COMMENT ON COLUMN "SYSTEM"."USERS"."USER_ID" IS 'PK, 정규화 적용';
   COMMENT ON COLUMN "SYSTEM"."USERS"."EMAIL" IS '로그인용 이메일';
   COMMENT ON COLUMN "SYSTEM"."USERS"."PASSWORD" IS '해시 적용, 정규화 적용';
   COMMENT ON COLUMN "SYSTEM"."USERS"."NAME" IS '정규화 적용';
   COMMENT ON COLUMN "SYSTEM"."USERS"."PHONE" IS '휴대폰 인증 따로 받기';
   COMMENT ON COLUMN "SYSTEM"."USERS"."USER_ROLE" IS 'BUYER,SELLER,SYSTEM';
   COMMENT ON COLUMN "SYSTEM"."USERS"."ADDRESS" IS '주소 API 연동';
   COMMENT ON COLUMN "SYSTEM"."USERS"."CDATETIME" IS 'SYSDATE';
   COMMENT ON COLUMN "SYSTEM"."USERS"."UDATETIME" IS 'SYSDATE';
   COMMENT ON COLUMN "SYSTEM"."USERS"."LAT" IS '위도';
   COMMENT ON COLUMN "SYSTEM"."USERS"."LNG" IS '경도';
   COMMENT ON COLUMN "SYSTEM"."USERS"."STATUS" IS 'ACTIVE, WITHDRAWN,LOCKED';
   COMMENT ON COLUMN "SYSTEM"."USERS"."USER_BIRTH" IS '생년월일';
   COMMENT ON COLUMN "SYSTEM"."USERS"."USER_GENDER" IS '성별 M or F';
REM INSERTING into SYSTEM.CART
SET DEFINE OFF;
Insert into SYSTEM.CART (CART_NO,PRODUCT_NO,USER_ID,QUANTITY,ADDED_AT,FULFILLMENT,SHIPPING_FEE,OPTION_NO) values (71,223,'tjdals3790',1,to_date('25/11/10','RR/MM/DD'),'delivery',3000,174);
Insert into SYSTEM.CART (CART_NO,PRODUCT_NO,USER_ID,QUANTITY,ADDED_AT,FULFILLMENT,SHIPPING_FEE,OPTION_NO) values (80,222,'gurwns9035',1,to_date('25/11/11','RR/MM/DD'),'delivery',3000,65);
Insert into SYSTEM.CART (CART_NO,PRODUCT_NO,USER_ID,QUANTITY,ADDED_AT,FULFILLMENT,SHIPPING_FEE,OPTION_NO) values (74,223,'seller03',1,to_date('25/11/11','RR/MM/DD'),'delivery',3000,172);
Insert into SYSTEM.CART (CART_NO,PRODUCT_NO,USER_ID,QUANTITY,ADDED_AT,FULFILLMENT,SHIPPING_FEE,OPTION_NO) values (31,230,'kakao_4525634675@social.local',1,to_date('25/11/07','RR/MM/DD'),'pickup',0,null);
Insert into SYSTEM.CART (CART_NO,PRODUCT_NO,USER_ID,QUANTITY,ADDED_AT,FULFILLMENT,SHIPPING_FEE,OPTION_NO) values (73,220,'seller03',1,to_date('25/11/11','RR/MM/DD'),'delivery',3000,194);
REM INSERTING into SYSTEM.CATEGORY_IMAGE
SET DEFINE OFF;
Insert into SYSTEM.CATEGORY_IMAGE (IMAGE_NO,CATEGORY_NO,IMAGE_URL,CDATETIME,UDATETIME) values (21,210,'/resources/img/category/c210.png',to_date('25/11/03','RR/MM/DD'),to_date('25/11/03','RR/MM/DD'));
Insert into SYSTEM.CATEGORY_IMAGE (IMAGE_NO,CATEGORY_NO,IMAGE_URL,CDATETIME,UDATETIME) values (22,310,'/resources/img/category/c310.png',to_date('25/11/03','RR/MM/DD'),to_date('25/11/03','RR/MM/DD'));
Insert into SYSTEM.CATEGORY_IMAGE (IMAGE_NO,CATEGORY_NO,IMAGE_URL,CDATETIME,UDATETIME) values (23,320,'/resources/img/category/c320.png',to_date('25/11/03','RR/MM/DD'),to_date('25/11/03','RR/MM/DD'));
Insert into SYSTEM.CATEGORY_IMAGE (IMAGE_NO,CATEGORY_NO,IMAGE_URL,CDATETIME,UDATETIME) values (24,330,'/resources/img/category/c330.png',to_date('25/11/03','RR/MM/DD'),to_date('25/11/03','RR/MM/DD'));
Insert into SYSTEM.CATEGORY_IMAGE (IMAGE_NO,CATEGORY_NO,IMAGE_URL,CDATETIME,UDATETIME) values (25,340,'/resources/img/category/c340.png',to_date('25/11/03','RR/MM/DD'),to_date('25/11/03','RR/MM/DD'));
Insert into SYSTEM.CATEGORY_IMAGE (IMAGE_NO,CATEGORY_NO,IMAGE_URL,CDATETIME,UDATETIME) values (26,350,'/resources/img/category/c350.png',to_date('25/11/03','RR/MM/DD'),to_date('25/11/03','RR/MM/DD'));
Insert into SYSTEM.CATEGORY_IMAGE (IMAGE_NO,CATEGORY_NO,IMAGE_URL,CDATETIME,UDATETIME) values (27,410,'/resources/img/category/c410.png',to_date('25/11/03','RR/MM/DD'),to_date('25/11/03','RR/MM/DD'));
Insert into SYSTEM.CATEGORY_IMAGE (IMAGE_NO,CATEGORY_NO,IMAGE_URL,CDATETIME,UDATETIME) values (28,420,'/resources/img/category/c420.png',to_date('25/11/03','RR/MM/DD'),to_date('25/11/03','RR/MM/DD'));
Insert into SYSTEM.CATEGORY_IMAGE (IMAGE_NO,CATEGORY_NO,IMAGE_URL,CDATETIME,UDATETIME) values (29,430,'/resources/img/category/c430.png',to_date('25/11/03','RR/MM/DD'),to_date('25/11/03','RR/MM/DD'));
Insert into SYSTEM.CATEGORY_IMAGE (IMAGE_NO,CATEGORY_NO,IMAGE_URL,CDATETIME,UDATETIME) values (30,440,'/resources/img/category/c440.png',to_date('25/11/03','RR/MM/DD'),to_date('25/11/03','RR/MM/DD'));
Insert into SYSTEM.CATEGORY_IMAGE (IMAGE_NO,CATEGORY_NO,IMAGE_URL,CDATETIME,UDATETIME) values (31,1110,'/resources/img/category/c1110.png',to_date('25/11/03','RR/MM/DD'),to_date('25/11/03','RR/MM/DD'));
Insert into SYSTEM.CATEGORY_IMAGE (IMAGE_NO,CATEGORY_NO,IMAGE_URL,CDATETIME,UDATETIME) values (32,1120,'/resources/img/category/c1120.png',to_date('25/11/03','RR/MM/DD'),to_date('25/11/03','RR/MM/DD'));
Insert into SYSTEM.CATEGORY_IMAGE (IMAGE_NO,CATEGORY_NO,IMAGE_URL,CDATETIME,UDATETIME) values (33,1130,'/resources/img/category/c1130.png',to_date('25/11/03','RR/MM/DD'),to_date('25/11/03','RR/MM/DD'));
Insert into SYSTEM.CATEGORY_IMAGE (IMAGE_NO,CATEGORY_NO,IMAGE_URL,CDATETIME,UDATETIME) values (34,1140,'/resources/img/category/c1140.png',to_date('25/11/03','RR/MM/DD'),to_date('25/11/03','RR/MM/DD'));
Insert into SYSTEM.CATEGORY_IMAGE (IMAGE_NO,CATEGORY_NO,IMAGE_URL,CDATETIME,UDATETIME) values (35,1210,'/resources/img/category/c1210.png',to_date('25/11/03','RR/MM/DD'),to_date('25/11/03','RR/MM/DD'));
Insert into SYSTEM.CATEGORY_IMAGE (IMAGE_NO,CATEGORY_NO,IMAGE_URL,CDATETIME,UDATETIME) values (36,1220,'/resources/img/category/c1220.png',to_date('25/11/03','RR/MM/DD'),to_date('25/11/03','RR/MM/DD'));
Insert into SYSTEM.CATEGORY_IMAGE (IMAGE_NO,CATEGORY_NO,IMAGE_URL,CDATETIME,UDATETIME) values (37,1230,'/resources/img/category/c1230.png',to_date('25/11/03','RR/MM/DD'),to_date('25/11/03','RR/MM/DD'));
Insert into SYSTEM.CATEGORY_IMAGE (IMAGE_NO,CATEGORY_NO,IMAGE_URL,CDATETIME,UDATETIME) values (38,1240,'/resources/img/category/c1240.png',to_date('25/11/03','RR/MM/DD'),to_date('25/11/03','RR/MM/DD'));
Insert into SYSTEM.CATEGORY_IMAGE (IMAGE_NO,CATEGORY_NO,IMAGE_URL,CDATETIME,UDATETIME) values (39,1250,'/resources/img/category/c1250.png',to_date('25/11/03','RR/MM/DD'),to_date('25/11/03','RR/MM/DD'));
Insert into SYSTEM.CATEGORY_IMAGE (IMAGE_NO,CATEGORY_NO,IMAGE_URL,CDATETIME,UDATETIME) values (40,1260,'/resources/img/category/c1260.png',to_date('25/11/03','RR/MM/DD'),to_date('25/11/03','RR/MM/DD'));
Insert into SYSTEM.CATEGORY_IMAGE (IMAGE_NO,CATEGORY_NO,IMAGE_URL,CDATETIME,UDATETIME) values (41,1270,'/resources/img/category/c1270.png',to_date('25/11/03','RR/MM/DD'),to_date('25/11/03','RR/MM/DD'));
Insert into SYSTEM.CATEGORY_IMAGE (IMAGE_NO,CATEGORY_NO,IMAGE_URL,CDATETIME,UDATETIME) values (42,1280,'/resources/img/category/c1280.png',to_date('25/11/03','RR/MM/DD'),to_date('25/11/03','RR/MM/DD'));
Insert into SYSTEM.CATEGORY_IMAGE (IMAGE_NO,CATEGORY_NO,IMAGE_URL,CDATETIME,UDATETIME) values (43,1290,'/resources/img/category/c1290.png',to_date('25/11/03','RR/MM/DD'),to_date('25/11/03','RR/MM/DD'));
Insert into SYSTEM.CATEGORY_IMAGE (IMAGE_NO,CATEGORY_NO,IMAGE_URL,CDATETIME,UDATETIME) values (44,1310,'/resources/img/category/c1310.png',to_date('25/11/03','RR/MM/DD'),to_date('25/11/03','RR/MM/DD'));
Insert into SYSTEM.CATEGORY_IMAGE (IMAGE_NO,CATEGORY_NO,IMAGE_URL,CDATETIME,UDATETIME) values (45,1320,'/resources/img/category/c1320.png',to_date('25/11/03','RR/MM/DD'),to_date('25/11/03','RR/MM/DD'));
Insert into SYSTEM.CATEGORY_IMAGE (IMAGE_NO,CATEGORY_NO,IMAGE_URL,CDATETIME,UDATETIME) values (46,1330,'/resources/img/category/c1330.png',to_date('25/11/03','RR/MM/DD'),to_date('25/11/03','RR/MM/DD'));
Insert into SYSTEM.CATEGORY_IMAGE (IMAGE_NO,CATEGORY_NO,IMAGE_URL,CDATETIME,UDATETIME) values (47,1340,'/resources/img/category/c1340.png',to_date('25/11/03','RR/MM/DD'),to_date('25/11/03','RR/MM/DD'));
Insert into SYSTEM.CATEGORY_IMAGE (IMAGE_NO,CATEGORY_NO,IMAGE_URL,CDATETIME,UDATETIME) values (48,1410,'/resources/img/category/c1410.png',to_date('25/11/03','RR/MM/DD'),to_date('25/11/03','RR/MM/DD'));
Insert into SYSTEM.CATEGORY_IMAGE (IMAGE_NO,CATEGORY_NO,IMAGE_URL,CDATETIME,UDATETIME) values (49,1420,'/resources/img/category/c1420.png',to_date('25/11/03','RR/MM/DD'),to_date('25/11/03','RR/MM/DD'));
Insert into SYSTEM.CATEGORY_IMAGE (IMAGE_NO,CATEGORY_NO,IMAGE_URL,CDATETIME,UDATETIME) values (50,1430,'/resources/img/category/c1430.png',to_date('25/11/03','RR/MM/DD'),to_date('25/11/03','RR/MM/DD'));
Insert into SYSTEM.CATEGORY_IMAGE (IMAGE_NO,CATEGORY_NO,IMAGE_URL,CDATETIME,UDATETIME) values (51,1440,'/resources/img/category/c1440.png',to_date('25/11/03','RR/MM/DD'),to_date('25/11/03','RR/MM/DD'));
Insert into SYSTEM.CATEGORY_IMAGE (IMAGE_NO,CATEGORY_NO,IMAGE_URL,CDATETIME,UDATETIME) values (52,2010,'/resources/img/category/c2010.png',to_date('25/11/03','RR/MM/DD'),to_date('25/11/03','RR/MM/DD'));
Insert into SYSTEM.CATEGORY_IMAGE (IMAGE_NO,CATEGORY_NO,IMAGE_URL,CDATETIME,UDATETIME) values (53,2020,'/resources/img/category/c2020.png',to_date('25/11/03','RR/MM/DD'),to_date('25/11/03','RR/MM/DD'));
Insert into SYSTEM.CATEGORY_IMAGE (IMAGE_NO,CATEGORY_NO,IMAGE_URL,CDATETIME,UDATETIME) values (54,2030,'/resources/img/category/c2030.png',to_date('25/11/03','RR/MM/DD'),to_date('25/11/03','RR/MM/DD'));
Insert into SYSTEM.CATEGORY_IMAGE (IMAGE_NO,CATEGORY_NO,IMAGE_URL,CDATETIME,UDATETIME) values (55,2040,'/resources/img/category/c2040.png',to_date('25/11/03','RR/MM/DD'),to_date('25/11/03','RR/MM/DD'));
Insert into SYSTEM.CATEGORY_IMAGE (IMAGE_NO,CATEGORY_NO,IMAGE_URL,CDATETIME,UDATETIME) values (56,2050,'/resources/img/category/c2050.png',to_date('25/11/03','RR/MM/DD'),to_date('25/11/03','RR/MM/DD'));
Insert into SYSTEM.CATEGORY_IMAGE (IMAGE_NO,CATEGORY_NO,IMAGE_URL,CDATETIME,UDATETIME) values (57,2060,'/resources/img/category/c2060.png',to_date('25/11/03','RR/MM/DD'),to_date('25/11/03','RR/MM/DD'));
Insert into SYSTEM.CATEGORY_IMAGE (IMAGE_NO,CATEGORY_NO,IMAGE_URL,CDATETIME,UDATETIME) values (58,2070,'/resources/img/category/c2070.png',to_date('25/11/03','RR/MM/DD'),to_date('25/11/03','RR/MM/DD'));
Insert into SYSTEM.CATEGORY_IMAGE (IMAGE_NO,CATEGORY_NO,IMAGE_URL,CDATETIME,UDATETIME) values (59,2100,'/resources/img/category/c2100.png',to_date('25/11/03','RR/MM/DD'),to_date('25/11/03','RR/MM/DD'));
Insert into SYSTEM.CATEGORY_IMAGE (IMAGE_NO,CATEGORY_NO,IMAGE_URL,CDATETIME,UDATETIME) values (60,2110,'/resources/img/category/c2110.png',to_date('25/11/03','RR/MM/DD'),to_date('25/11/03','RR/MM/DD'));
Insert into SYSTEM.CATEGORY_IMAGE (IMAGE_NO,CATEGORY_NO,IMAGE_URL,CDATETIME,UDATETIME) values (61,2120,'/resources/img/category/c2120.png',to_date('25/11/03','RR/MM/DD'),to_date('25/11/03','RR/MM/DD'));
Insert into SYSTEM.CATEGORY_IMAGE (IMAGE_NO,CATEGORY_NO,IMAGE_URL,CDATETIME,UDATETIME) values (62,2130,'/resources/img/category/c2130.png',to_date('25/11/03','RR/MM/DD'),to_date('25/11/03','RR/MM/DD'));
Insert into SYSTEM.CATEGORY_IMAGE (IMAGE_NO,CATEGORY_NO,IMAGE_URL,CDATETIME,UDATETIME) values (63,2140,'/resources/img/category/c2140.png',to_date('25/11/03','RR/MM/DD'),to_date('25/11/03','RR/MM/DD'));
Insert into SYSTEM.CATEGORY_IMAGE (IMAGE_NO,CATEGORY_NO,IMAGE_URL,CDATETIME,UDATETIME) values (64,2150,'/resources/img/category/c2150.png',to_date('25/11/03','RR/MM/DD'),to_date('25/11/03','RR/MM/DD'));
Insert into SYSTEM.CATEGORY_IMAGE (IMAGE_NO,CATEGORY_NO,IMAGE_URL,CDATETIME,UDATETIME) values (65,2160,'/resources/img/category/c2160.png',to_date('25/11/03','RR/MM/DD'),to_date('25/11/03','RR/MM/DD'));
Insert into SYSTEM.CATEGORY_IMAGE (IMAGE_NO,CATEGORY_NO,IMAGE_URL,CDATETIME,UDATETIME) values (66,3010,'/resources/img/category/c3010.png',to_date('25/11/03','RR/MM/DD'),to_date('25/11/03','RR/MM/DD'));
Insert into SYSTEM.CATEGORY_IMAGE (IMAGE_NO,CATEGORY_NO,IMAGE_URL,CDATETIME,UDATETIME) values (67,3020,'/resources/img/category/c3020.png',to_date('25/11/03','RR/MM/DD'),to_date('25/11/03','RR/MM/DD'));
Insert into SYSTEM.CATEGORY_IMAGE (IMAGE_NO,CATEGORY_NO,IMAGE_URL,CDATETIME,UDATETIME) values (68,3030,'/resources/img/category/c3030.png',to_date('25/11/03','RR/MM/DD'),to_date('25/11/03','RR/MM/DD'));
Insert into SYSTEM.CATEGORY_IMAGE (IMAGE_NO,CATEGORY_NO,IMAGE_URL,CDATETIME,UDATETIME) values (69,3040,'/resources/img/category/c3040.png',to_date('25/11/03','RR/MM/DD'),to_date('25/11/03','RR/MM/DD'));
Insert into SYSTEM.CATEGORY_IMAGE (IMAGE_NO,CATEGORY_NO,IMAGE_URL,CDATETIME,UDATETIME) values (70,3110,'/resources/img/category/c3110.png',to_date('25/11/03','RR/MM/DD'),to_date('25/11/03','RR/MM/DD'));
Insert into SYSTEM.CATEGORY_IMAGE (IMAGE_NO,CATEGORY_NO,IMAGE_URL,CDATETIME,UDATETIME) values (71,3120,'/resources/img/category/c3120.png',to_date('25/11/03','RR/MM/DD'),to_date('25/11/03','RR/MM/DD'));
Insert into SYSTEM.CATEGORY_IMAGE (IMAGE_NO,CATEGORY_NO,IMAGE_URL,CDATETIME,UDATETIME) values (72,3130,'/resources/img/category/c3130.png',to_date('25/11/03','RR/MM/DD'),to_date('25/11/03','RR/MM/DD'));
Insert into SYSTEM.CATEGORY_IMAGE (IMAGE_NO,CATEGORY_NO,IMAGE_URL,CDATETIME,UDATETIME) values (73,3140,'/resources/img/category/c3140.png',to_date('25/11/03','RR/MM/DD'),to_date('25/11/03','RR/MM/DD'));
Insert into SYSTEM.CATEGORY_IMAGE (IMAGE_NO,CATEGORY_NO,IMAGE_URL,CDATETIME,UDATETIME) values (74,3150,'/resources/img/category/c3150.png',to_date('25/11/03','RR/MM/DD'),to_date('25/11/03','RR/MM/DD'));
Insert into SYSTEM.CATEGORY_IMAGE (IMAGE_NO,CATEGORY_NO,IMAGE_URL,CDATETIME,UDATETIME) values (75,3200,'/resources/img/category/c3200.png',to_date('25/11/03','RR/MM/DD'),to_date('25/11/03','RR/MM/DD'));
Insert into SYSTEM.CATEGORY_IMAGE (IMAGE_NO,CATEGORY_NO,IMAGE_URL,CDATETIME,UDATETIME) values (76,3210,'/resources/img/category/c3210.png',to_date('25/11/03','RR/MM/DD'),to_date('25/11/03','RR/MM/DD'));
Insert into SYSTEM.CATEGORY_IMAGE (IMAGE_NO,CATEGORY_NO,IMAGE_URL,CDATETIME,UDATETIME) values (77,3220,'/resources/img/category/c3220.png',to_date('25/11/03','RR/MM/DD'),to_date('25/11/03','RR/MM/DD'));
Insert into SYSTEM.CATEGORY_IMAGE (IMAGE_NO,CATEGORY_NO,IMAGE_URL,CDATETIME,UDATETIME) values (78,3230,'/resources/img/category/c3230.png',to_date('25/11/03','RR/MM/DD'),to_date('25/11/03','RR/MM/DD'));
Insert into SYSTEM.CATEGORY_IMAGE (IMAGE_NO,CATEGORY_NO,IMAGE_URL,CDATETIME,UDATETIME) values (79,3240,'/resources/img/category/c3240.png',to_date('25/11/03','RR/MM/DD'),to_date('25/11/03','RR/MM/DD'));
Insert into SYSTEM.CATEGORY_IMAGE (IMAGE_NO,CATEGORY_NO,IMAGE_URL,CDATETIME,UDATETIME) values (80,3300,'/resources/img/category/c3300.png',to_date('25/11/03','RR/MM/DD'),to_date('25/11/03','RR/MM/DD'));
Insert into SYSTEM.CATEGORY_IMAGE (IMAGE_NO,CATEGORY_NO,IMAGE_URL,CDATETIME,UDATETIME) values (81,3310,'/resources/img/category/c3310.png',to_date('25/11/03','RR/MM/DD'),to_date('25/11/03','RR/MM/DD'));
Insert into SYSTEM.CATEGORY_IMAGE (IMAGE_NO,CATEGORY_NO,IMAGE_URL,CDATETIME,UDATETIME) values (82,3320,'/resources/img/category/c3320.png',to_date('25/11/03','RR/MM/DD'),to_date('25/11/03','RR/MM/DD'));
Insert into SYSTEM.CATEGORY_IMAGE (IMAGE_NO,CATEGORY_NO,IMAGE_URL,CDATETIME,UDATETIME) values (83,3330,'/resources/img/category/c3330.png',to_date('25/11/03','RR/MM/DD'),to_date('25/11/03','RR/MM/DD'));
Insert into SYSTEM.CATEGORY_IMAGE (IMAGE_NO,CATEGORY_NO,IMAGE_URL,CDATETIME,UDATETIME) values (84,3340,'/resources/img/category/c3340.png',to_date('25/11/03','RR/MM/DD'),to_date('25/11/03','RR/MM/DD'));
Insert into SYSTEM.CATEGORY_IMAGE (IMAGE_NO,CATEGORY_NO,IMAGE_URL,CDATETIME,UDATETIME) values (85,3400,'/resources/img/category/c3400.png',to_date('25/11/03','RR/MM/DD'),to_date('25/11/03','RR/MM/DD'));
Insert into SYSTEM.CATEGORY_IMAGE (IMAGE_NO,CATEGORY_NO,IMAGE_URL,CDATETIME,UDATETIME) values (86,3410,'/resources/img/category/c3410.png',to_date('25/11/03','RR/MM/DD'),to_date('25/11/03','RR/MM/DD'));
Insert into SYSTEM.CATEGORY_IMAGE (IMAGE_NO,CATEGORY_NO,IMAGE_URL,CDATETIME,UDATETIME) values (87,3420,'/resources/img/category/c3420.png',to_date('25/11/03','RR/MM/DD'),to_date('25/11/03','RR/MM/DD'));
Insert into SYSTEM.CATEGORY_IMAGE (IMAGE_NO,CATEGORY_NO,IMAGE_URL,CDATETIME,UDATETIME) values (88,3430,'/resources/img/category/c3430.png',to_date('25/11/03','RR/MM/DD'),to_date('25/11/03','RR/MM/DD'));
Insert into SYSTEM.CATEGORY_IMAGE (IMAGE_NO,CATEGORY_NO,IMAGE_URL,CDATETIME,UDATETIME) values (89,3440,'/resources/img/category/c3440.png',to_date('25/11/03','RR/MM/DD'),to_date('25/11/03','RR/MM/DD'));
Insert into SYSTEM.CATEGORY_IMAGE (IMAGE_NO,CATEGORY_NO,IMAGE_URL,CDATETIME,UDATETIME) values (90,3500,'/resources/img/category/c3500.png',to_date('25/11/03','RR/MM/DD'),to_date('25/11/03','RR/MM/DD'));
Insert into SYSTEM.CATEGORY_IMAGE (IMAGE_NO,CATEGORY_NO,IMAGE_URL,CDATETIME,UDATETIME) values (91,3510,'/resources/img/category/c3510.png',to_date('25/11/03','RR/MM/DD'),to_date('25/11/03','RR/MM/DD'));
Insert into SYSTEM.CATEGORY_IMAGE (IMAGE_NO,CATEGORY_NO,IMAGE_URL,CDATETIME,UDATETIME) values (92,3520,'/resources/img/category/c3520.png',to_date('25/11/03','RR/MM/DD'),to_date('25/11/03','RR/MM/DD'));
Insert into SYSTEM.CATEGORY_IMAGE (IMAGE_NO,CATEGORY_NO,IMAGE_URL,CDATETIME,UDATETIME) values (93,3530,'/resources/img/category/c3530.png',to_date('25/11/03','RR/MM/DD'),to_date('25/11/03','RR/MM/DD'));
Insert into SYSTEM.CATEGORY_IMAGE (IMAGE_NO,CATEGORY_NO,IMAGE_URL,CDATETIME,UDATETIME) values (94,3540,'/resources/img/category/c3540.png',to_date('25/11/03','RR/MM/DD'),to_date('25/11/03','RR/MM/DD'));
Insert into SYSTEM.CATEGORY_IMAGE (IMAGE_NO,CATEGORY_NO,IMAGE_URL,CDATETIME,UDATETIME) values (95,4010,'/resources/img/category/c4010.png',to_date('25/11/03','RR/MM/DD'),to_date('25/11/03','RR/MM/DD'));
Insert into SYSTEM.CATEGORY_IMAGE (IMAGE_NO,CATEGORY_NO,IMAGE_URL,CDATETIME,UDATETIME) values (96,4020,'/resources/img/category/c4020.png',to_date('25/11/03','RR/MM/DD'),to_date('25/11/03','RR/MM/DD'));
Insert into SYSTEM.CATEGORY_IMAGE (IMAGE_NO,CATEGORY_NO,IMAGE_URL,CDATETIME,UDATETIME) values (97,4030,'/resources/img/category/c4030.png',to_date('25/11/03','RR/MM/DD'),to_date('25/11/03','RR/MM/DD'));
Insert into SYSTEM.CATEGORY_IMAGE (IMAGE_NO,CATEGORY_NO,IMAGE_URL,CDATETIME,UDATETIME) values (98,4040,'/resources/img/category/c4040.png',to_date('25/11/03','RR/MM/DD'),to_date('25/11/03','RR/MM/DD'));
Insert into SYSTEM.CATEGORY_IMAGE (IMAGE_NO,CATEGORY_NO,IMAGE_URL,CDATETIME,UDATETIME) values (99,4100,'/resources/img/category/c4100.png',to_date('25/11/03','RR/MM/DD'),to_date('25/11/03','RR/MM/DD'));
Insert into SYSTEM.CATEGORY_IMAGE (IMAGE_NO,CATEGORY_NO,IMAGE_URL,CDATETIME,UDATETIME) values (100,4110,'/resources/img/category/c4110.png',to_date('25/11/03','RR/MM/DD'),to_date('25/11/03','RR/MM/DD'));
Insert into SYSTEM.CATEGORY_IMAGE (IMAGE_NO,CATEGORY_NO,IMAGE_URL,CDATETIME,UDATETIME) values (101,4120,'/resources/img/category/c4120.png',to_date('25/11/03','RR/MM/DD'),to_date('25/11/03','RR/MM/DD'));
Insert into SYSTEM.CATEGORY_IMAGE (IMAGE_NO,CATEGORY_NO,IMAGE_URL,CDATETIME,UDATETIME) values (102,4130,'/resources/img/category/c4130.png',to_date('25/11/03','RR/MM/DD'),to_date('25/11/03','RR/MM/DD'));
Insert into SYSTEM.CATEGORY_IMAGE (IMAGE_NO,CATEGORY_NO,IMAGE_URL,CDATETIME,UDATETIME) values (103,4140,'/resources/img/category/c4140.png',to_date('25/11/03','RR/MM/DD'),to_date('25/11/03','RR/MM/DD'));
Insert into SYSTEM.CATEGORY_IMAGE (IMAGE_NO,CATEGORY_NO,IMAGE_URL,CDATETIME,UDATETIME) values (104,4200,'/resources/img/category/c4200.png',to_date('25/11/03','RR/MM/DD'),to_date('25/11/03','RR/MM/DD'));
Insert into SYSTEM.CATEGORY_IMAGE (IMAGE_NO,CATEGORY_NO,IMAGE_URL,CDATETIME,UDATETIME) values (105,4210,'/resources/img/category/c4210.png',to_date('25/11/03','RR/MM/DD'),to_date('25/11/03','RR/MM/DD'));
Insert into SYSTEM.CATEGORY_IMAGE (IMAGE_NO,CATEGORY_NO,IMAGE_URL,CDATETIME,UDATETIME) values (106,4220,'/resources/img/category/c4220.png',to_date('25/11/03','RR/MM/DD'),to_date('25/11/03','RR/MM/DD'));
Insert into SYSTEM.CATEGORY_IMAGE (IMAGE_NO,CATEGORY_NO,IMAGE_URL,CDATETIME,UDATETIME) values (107,4230,'/resources/img/category/c4230.png',to_date('25/11/03','RR/MM/DD'),to_date('25/11/03','RR/MM/DD'));
Insert into SYSTEM.CATEGORY_IMAGE (IMAGE_NO,CATEGORY_NO,IMAGE_URL,CDATETIME,UDATETIME) values (108,4240,'/resources/img/category/c4240.png',to_date('25/11/03','RR/MM/DD'),to_date('25/11/03','RR/MM/DD'));
Insert into SYSTEM.CATEGORY_IMAGE (IMAGE_NO,CATEGORY_NO,IMAGE_URL,CDATETIME,UDATETIME) values (109,4300,'/resources/img/category/c4300.png',to_date('25/11/03','RR/MM/DD'),to_date('25/11/03','RR/MM/DD'));
Insert into SYSTEM.CATEGORY_IMAGE (IMAGE_NO,CATEGORY_NO,IMAGE_URL,CDATETIME,UDATETIME) values (110,4310,'/resources/img/category/c4310.png',to_date('25/11/03','RR/MM/DD'),to_date('25/11/03','RR/MM/DD'));
Insert into SYSTEM.CATEGORY_IMAGE (IMAGE_NO,CATEGORY_NO,IMAGE_URL,CDATETIME,UDATETIME) values (111,4320,'/resources/img/category/c4320.png',to_date('25/11/03','RR/MM/DD'),to_date('25/11/03','RR/MM/DD'));
Insert into SYSTEM.CATEGORY_IMAGE (IMAGE_NO,CATEGORY_NO,IMAGE_URL,CDATETIME,UDATETIME) values (112,4330,'/resources/img/category/c4330.png',to_date('25/11/03','RR/MM/DD'),to_date('25/11/03','RR/MM/DD'));
Insert into SYSTEM.CATEGORY_IMAGE (IMAGE_NO,CATEGORY_NO,IMAGE_URL,CDATETIME,UDATETIME) values (113,4340,'/resources/img/category/c4340.png',to_date('25/11/03','RR/MM/DD'),to_date('25/11/03','RR/MM/DD'));
Insert into SYSTEM.CATEGORY_IMAGE (IMAGE_NO,CATEGORY_NO,IMAGE_URL,CDATETIME,UDATETIME) values (114,4400,'/resources/img/category/c4400.png',to_date('25/11/03','RR/MM/DD'),to_date('25/11/03','RR/MM/DD'));
Insert into SYSTEM.CATEGORY_IMAGE (IMAGE_NO,CATEGORY_NO,IMAGE_URL,CDATETIME,UDATETIME) values (115,4410,'/resources/img/category/c4410.png',to_date('25/11/03','RR/MM/DD'),to_date('25/11/03','RR/MM/DD'));
Insert into SYSTEM.CATEGORY_IMAGE (IMAGE_NO,CATEGORY_NO,IMAGE_URL,CDATETIME,UDATETIME) values (116,4420,'/resources/img/category/c4420.png',to_date('25/11/03','RR/MM/DD'),to_date('25/11/03','RR/MM/DD'));
Insert into SYSTEM.CATEGORY_IMAGE (IMAGE_NO,CATEGORY_NO,IMAGE_URL,CDATETIME,UDATETIME) values (117,4430,'/resources/img/category/c4430.png',to_date('25/11/03','RR/MM/DD'),to_date('25/11/03','RR/MM/DD'));
Insert into SYSTEM.CATEGORY_IMAGE (IMAGE_NO,CATEGORY_NO,IMAGE_URL,CDATETIME,UDATETIME) values (118,4440,'/resources/img/category/c4440.png',to_date('25/11/03','RR/MM/DD'),to_date('25/11/03','RR/MM/DD'));
Insert into SYSTEM.CATEGORY_IMAGE (IMAGE_NO,CATEGORY_NO,IMAGE_URL,CDATETIME,UDATETIME) values (119,1010,'/resources/img/category/c1010.png',to_date('25/11/03','RR/MM/DD'),to_date('25/11/03','RR/MM/DD'));
Insert into SYSTEM.CATEGORY_IMAGE (IMAGE_NO,CATEGORY_NO,IMAGE_URL,CDATETIME,UDATETIME) values (120,1020,'/resources/img/category/c1020.png',to_date('25/11/03','RR/MM/DD'),to_date('25/11/03','RR/MM/DD'));
Insert into SYSTEM.CATEGORY_IMAGE (IMAGE_NO,CATEGORY_NO,IMAGE_URL,CDATETIME,UDATETIME) values (121,1030,'/resources/img/category/c1030.png',to_date('25/11/03','RR/MM/DD'),to_date('25/11/03','RR/MM/DD'));
Insert into SYSTEM.CATEGORY_IMAGE (IMAGE_NO,CATEGORY_NO,IMAGE_URL,CDATETIME,UDATETIME) values (122,1040,'/resources/img/category/c1040.png',to_date('25/11/03','RR/MM/DD'),to_date('25/11/03','RR/MM/DD'));
Insert into SYSTEM.CATEGORY_IMAGE (IMAGE_NO,CATEGORY_NO,IMAGE_URL,CDATETIME,UDATETIME) values (1,10,'/resources/img/category/cagriculture.png',to_date('25/11/03','RR/MM/DD'),to_date('25/11/03','RR/MM/DD'));
Insert into SYSTEM.CATEGORY_IMAGE (IMAGE_NO,CATEGORY_NO,IMAGE_URL,CDATETIME,UDATETIME) values (2,1000,'/resources/img/category/c1000.png',to_date('25/11/03','RR/MM/DD'),to_date('25/11/03','RR/MM/DD'));
Insert into SYSTEM.CATEGORY_IMAGE (IMAGE_NO,CATEGORY_NO,IMAGE_URL,CDATETIME,UDATETIME) values (3,20,'/resources/img/category/canimalProduct.png',to_date('25/11/03','RR/MM/DD'),to_date('25/11/03','RR/MM/DD'));
Insert into SYSTEM.CATEGORY_IMAGE (IMAGE_NO,CATEGORY_NO,IMAGE_URL,CDATETIME,UDATETIME) values (4,30,'/resources/img/category/cforestry.png',to_date('25/11/03','RR/MM/DD'),to_date('25/11/03','RR/MM/DD'));
Insert into SYSTEM.CATEGORY_IMAGE (IMAGE_NO,CATEGORY_NO,IMAGE_URL,CDATETIME,UDATETIME) values (5,40,'/resources/img/category/cseafood.png',to_date('25/11/03','RR/MM/DD'),to_date('25/11/03','RR/MM/DD'));
Insert into SYSTEM.CATEGORY_IMAGE (IMAGE_NO,CATEGORY_NO,IMAGE_URL,CDATETIME,UDATETIME) values (6,100,'/resources/img/category/c100.png',to_date('25/11/03','RR/MM/DD'),to_date('25/11/03','RR/MM/DD'));
Insert into SYSTEM.CATEGORY_IMAGE (IMAGE_NO,CATEGORY_NO,IMAGE_URL,CDATETIME,UDATETIME) values (7,200,'/resources/img/category/c200.png',to_date('25/11/03','RR/MM/DD'),to_date('25/11/03','RR/MM/DD'));
Insert into SYSTEM.CATEGORY_IMAGE (IMAGE_NO,CATEGORY_NO,IMAGE_URL,CDATETIME,UDATETIME) values (8,300,'/resources/img/category/c300.png',to_date('25/11/03','RR/MM/DD'),to_date('25/11/03','RR/MM/DD'));
Insert into SYSTEM.CATEGORY_IMAGE (IMAGE_NO,CATEGORY_NO,IMAGE_URL,CDATETIME,UDATETIME) values (9,400,'/resources/img/category/c400.png',to_date('25/11/03','RR/MM/DD'),to_date('25/11/03','RR/MM/DD'));
Insert into SYSTEM.CATEGORY_IMAGE (IMAGE_NO,CATEGORY_NO,IMAGE_URL,CDATETIME,UDATETIME) values (10,2000,'/resources/img/category/c2000.png',to_date('25/11/03','RR/MM/DD'),to_date('25/11/03','RR/MM/DD'));
Insert into SYSTEM.CATEGORY_IMAGE (IMAGE_NO,CATEGORY_NO,IMAGE_URL,CDATETIME,UDATETIME) values (11,3000,'/resources/img/category/c3000.png',to_date('25/11/03','RR/MM/DD'),to_date('25/11/03','RR/MM/DD'));
Insert into SYSTEM.CATEGORY_IMAGE (IMAGE_NO,CATEGORY_NO,IMAGE_URL,CDATETIME,UDATETIME) values (12,4000,'/resources/img/category/c4000.png',to_date('25/11/03','RR/MM/DD'),to_date('25/11/03','RR/MM/DD'));
Insert into SYSTEM.CATEGORY_IMAGE (IMAGE_NO,CATEGORY_NO,IMAGE_URL,CDATETIME,UDATETIME) values (13,110,'/resources/img/category/c110.png',to_date('25/11/03','RR/MM/DD'),to_date('25/11/03','RR/MM/DD'));
Insert into SYSTEM.CATEGORY_IMAGE (IMAGE_NO,CATEGORY_NO,IMAGE_URL,CDATETIME,UDATETIME) values (14,120,'/resources/img/category/c120.png',to_date('25/11/03','RR/MM/DD'),to_date('25/11/03','RR/MM/DD'));
Insert into SYSTEM.CATEGORY_IMAGE (IMAGE_NO,CATEGORY_NO,IMAGE_URL,CDATETIME,UDATETIME) values (15,130,'/resources/img/category/c130.png',to_date('25/11/03','RR/MM/DD'),to_date('25/11/03','RR/MM/DD'));
Insert into SYSTEM.CATEGORY_IMAGE (IMAGE_NO,CATEGORY_NO,IMAGE_URL,CDATETIME,UDATETIME) values (16,140,'/resources/img/category/c140.png',to_date('25/11/03','RR/MM/DD'),to_date('25/11/03','RR/MM/DD'));
Insert into SYSTEM.CATEGORY_IMAGE (IMAGE_NO,CATEGORY_NO,IMAGE_URL,CDATETIME,UDATETIME) values (17,1100,'/resources/img/category/c1100.png',to_date('25/11/03','RR/MM/DD'),to_date('25/11/03','RR/MM/DD'));
Insert into SYSTEM.CATEGORY_IMAGE (IMAGE_NO,CATEGORY_NO,IMAGE_URL,CDATETIME,UDATETIME) values (18,1200,'/resources/img/category/c1200.png',to_date('25/11/03','RR/MM/DD'),to_date('25/11/03','RR/MM/DD'));
Insert into SYSTEM.CATEGORY_IMAGE (IMAGE_NO,CATEGORY_NO,IMAGE_URL,CDATETIME,UDATETIME) values (19,1300,'/resources/img/category/c1300.png',to_date('25/11/03','RR/MM/DD'),to_date('25/11/03','RR/MM/DD'));
Insert into SYSTEM.CATEGORY_IMAGE (IMAGE_NO,CATEGORY_NO,IMAGE_URL,CDATETIME,UDATETIME) values (20,1400,'/resources/img/category/c1400.png',to_date('25/11/03','RR/MM/DD'),to_date('25/11/03','RR/MM/DD'));
REM INSERTING into SYSTEM.DELIVERY
SET DEFINE OFF;
Insert into SYSTEM.DELIVERY (DELIVERY_NO,ORDER_NO,TRACKING_NO,COURIER,DELIVERY_STATUS,SHIPPED_AT,DELIVERY_AT) values (15,30,'123123123','CJ대한통운','배송중',to_date('25/11/11','RR/MM/DD'),null);
Insert into SYSTEM.DELIVERY (DELIVERY_NO,ORDER_NO,TRACKING_NO,COURIER,DELIVERY_STATUS,SHIPPED_AT,DELIVERY_AT) values (18,31,'222','CJ대한통운','배송중',to_date('25/11/11','RR/MM/DD'),null);
Insert into SYSTEM.DELIVERY (DELIVERY_NO,ORDER_NO,TRACKING_NO,COURIER,DELIVERY_STATUS,SHIPPED_AT,DELIVERY_AT) values (11,19,'1231','CJ대한통운','배송중',to_date('25/11/07','RR/MM/DD'),null);
Insert into SYSTEM.DELIVERY (DELIVERY_NO,ORDER_NO,TRACKING_NO,COURIER,DELIVERY_STATUS,SHIPPED_AT,DELIVERY_AT) values (10,22,'11','CJ대한통운','배송중',to_date('25/11/07','RR/MM/DD'),null);
Insert into SYSTEM.DELIVERY (DELIVERY_NO,ORDER_NO,TRACKING_NO,COURIER,DELIVERY_STATUS,SHIPPED_AT,DELIVERY_AT) values (16,29,'123','CJ대한통운','배송중',to_date('25/11/11','RR/MM/DD'),null);
Insert into SYSTEM.DELIVERY (DELIVERY_NO,ORDER_NO,TRACKING_NO,COURIER,DELIVERY_STATUS,SHIPPED_AT,DELIVERY_AT) values (5,8,'CJ1234567890','CJ대한통운','배송완료',to_date('25/10/29','RR/MM/DD'),to_date('25/10/30','RR/MM/DD'));
Insert into SYSTEM.DELIVERY (DELIVERY_NO,ORDER_NO,TRACKING_NO,COURIER,DELIVERY_STATUS,SHIPPED_AT,DELIVERY_AT) values (6,9,'HANJIN0987654321','한진택배','배송중',to_date('25/10/28','RR/MM/DD'),null);
Insert into SYSTEM.DELIVERY (DELIVERY_NO,ORDER_NO,TRACKING_NO,COURIER,DELIVERY_STATUS,SHIPPED_AT,DELIVERY_AT) values (17,28,'123','우체국택배','배송중',to_date('25/11/11','RR/MM/DD'),null);
Insert into SYSTEM.DELIVERY (DELIVERY_NO,ORDER_NO,TRACKING_NO,COURIER,DELIVERY_STATUS,SHIPPED_AT,DELIVERY_AT) values (13,27,'11111111','우체국택배','배송중',to_date('25/11/10','RR/MM/DD'),null);
REM INSERTING into SYSTEM.INQUIRY
SET DEFINE OFF;
Insert into SYSTEM.INQUIRY (INQUIRY_NO,USER_ID,CATEGORY,TITLE,CONTENT,STATUS,CDATETIME,UDATETIME,IS_SECRET,ORDER_NO,CNT,PASSWORD) values (29,'tjdals3790','주문/배송','문의잠금테스트','문의글잠금테스트','대기',to_date('25/10/31','RR/MM/DD'),to_date('25/10/31','RR/MM/DD'),'Y',null,6,'1234');
Insert into SYSTEM.INQUIRY (INQUIRY_NO,USER_ID,CATEGORY,TITLE,CONTENT,STATUS,CDATETIME,UDATETIME,IS_SECRET,ORDER_NO,CNT,PASSWORD) values (3,'buyer01','기타','test','test','대기',to_date('25/10/27','RR/MM/DD'),to_date('25/10/27','RR/MM/DD'),'N',null,1,null);
Insert into SYSTEM.INQUIRY (INQUIRY_NO,USER_ID,CATEGORY,TITLE,CONTENT,STATUS,CDATETIME,UDATETIME,IS_SECRET,ORDER_NO,CNT,PASSWORD) values (10,'user02','결제','결제 중 오류가 발생했어요','카드 결제 중 오류 메시지가 떠서 결제가 완료되지 않았습니다. 재결제 가능한가요?','답변완료',to_date('25/10/23','RR/MM/DD'),to_date('25/10/24','RR/MM/DD'),'N',null,6,null);
Insert into SYSTEM.INQUIRY (INQUIRY_NO,USER_ID,CATEGORY,TITLE,CONTENT,STATUS,CDATETIME,UDATETIME,IS_SECRET,ORDER_NO,CNT,PASSWORD) values (13,'inserttest01','기타','회원 탈퇴는 어디서 하나요?','회원 탈퇴 메뉴를 찾을 수 없습니다. 방법을 알려주세요.','답변완료',to_date('25/10/19','RR/MM/DD'),to_date('25/10/20','RR/MM/DD'),'N',null,4,null);
Insert into SYSTEM.INQUIRY (INQUIRY_NO,USER_ID,CATEGORY,TITLE,CONTENT,STATUS,CDATETIME,UDATETIME,IS_SECRET,ORDER_NO,CNT,PASSWORD) values (18,'kakao_4519067802@social.local','기타','포인트는 어디서 확인하나요?','적립된 포인트 내역을 확인할 수 있는 페이지가 있나요?','답변완료',to_date('25/10/25','RR/MM/DD'),to_date('25/10/26','RR/MM/DD'),'N',null,8,null);
Insert into SYSTEM.INQUIRY (INQUIRY_NO,USER_ID,CATEGORY,TITLE,CONTENT,STATUS,CDATETIME,UDATETIME,IS_SECRET,ORDER_NO,CNT,PASSWORD) values (21,'user01','주문/배송','배송이 너무 늦어요','10월 15일에 주문한 사과가 아직 도착하지 않았습니다. 배송 조회도 되지 않아요.','답변완료',to_date('25/10/26','RR/MM/DD'),to_date('25/11/03','RR/MM/DD'),'N',null,8,null);
Insert into SYSTEM.INQUIRY (INQUIRY_NO,USER_ID,CATEGORY,TITLE,CONTENT,STATUS,CDATETIME,UDATETIME,IS_SECRET,ORDER_NO,CNT,PASSWORD) values (23,'testmap04','취소/환불','주문을 취소하고 싶습니다','아직 배송 전인데 주문을 취소하고 환불받고 싶습니다.','답변완료',to_date('25/10/29','RR/MM/DD'),to_date('25/11/03','RR/MM/DD'),'N',null,7,null);
Insert into SYSTEM.INQUIRY (INQUIRY_NO,USER_ID,CATEGORY,TITLE,CONTENT,STATUS,CDATETIME,UDATETIME,IS_SECRET,ORDER_NO,CNT,PASSWORD) values (24,'buyer01','주문/배송','배송 주소를 변경하고 싶어요','배송 전인데 주소를 바꾸고 싶습니다. 가능한가요?','대기',to_date('25/10/30','RR/MM/DD'),to_date('25/10/30','RR/MM/DD'),'Y',null,3,null);
Insert into SYSTEM.INQUIRY (INQUIRY_NO,USER_ID,CATEGORY,TITLE,CONTENT,STATUS,CDATETIME,UDATETIME,IS_SECRET,ORDER_NO,CNT,PASSWORD) values (25,'kakao_4516551236@social.local','결제','무통장입금 확인이 안 돼요','무통장입금으로 결제했는데 입금 확인 문자가 오지 않았습니다.','답변완료',to_date('25/10/28','RR/MM/DD'),to_date('25/10/31','RR/MM/DD'),'N',null,13,null);
Insert into SYSTEM.INQUIRY (INQUIRY_NO,USER_ID,CATEGORY,TITLE,CONTENT,STATUS,CDATETIME,UDATETIME,IS_SECRET,ORDER_NO,CNT,PASSWORD) values (27,'test1234','취소/환불','환불 처리 기간이 궁금합니다','상품 반품 후 환불은 며칠 정도 걸리나요?','대기',to_date('25/10/27','RR/MM/DD'),to_date('25/10/27','RR/MM/DD'),'N',null,82,null);
Insert into SYSTEM.INQUIRY (INQUIRY_NO,USER_ID,CATEGORY,TITLE,CONTENT,STATUS,CDATETIME,UDATETIME,IS_SECRET,ORDER_NO,CNT,PASSWORD) values (34,'kakao_4525634675@social.local','기타','사이트가 참 정갈하고 좋네요','만드신 분들 정말 대단하세요 잘하십니다','답변완료',to_date('25/11/07','RR/MM/DD'),to_date('25/11/07','RR/MM/DD'),'N',null,6,null);
Insert into SYSTEM.INQUIRY (INQUIRY_NO,USER_ID,CATEGORY,TITLE,CONTENT,STATUS,CDATETIME,UDATETIME,IS_SECRET,ORDER_NO,CNT,PASSWORD) values (7,'test01','주문/결제','언제와','언제','대기',to_date('25/10/29','RR/MM/DD'),to_date('25/10/29','RR/MM/DD'),'Y',10,0,null);
Insert into SYSTEM.INQUIRY (INQUIRY_NO,USER_ID,CATEGORY,TITLE,CONTENT,STATUS,CDATETIME,UDATETIME,IS_SECRET,ORDER_NO,CNT,PASSWORD) values (31,'kakao_4525634675@social.local','기타','제목123','내용456','답변완료',to_date('25/11/03','RR/MM/DD'),to_date('25/11/06','RR/MM/DD'),'N',null,3,null);
REM INSERTING into SYSTEM.INQUIRY_ANSWER
SET DEFINE OFF;
Insert into SYSTEM.INQUIRY_ANSWER (ANSWER_NO,INQUIRY_NO,SELLER_ID,CONTENT,CDATETIME,UDATETIME) values (4,23,'SYSTEM01','안됩니다',to_date('25/11/03','RR/MM/DD'),to_date('25/11/03','RR/MM/DD'));
Insert into SYSTEM.INQUIRY_ANSWER (ANSWER_NO,INQUIRY_NO,SELLER_ID,CONTENT,CDATETIME,UDATETIME) values (1,27,'SYSTEM01','안녕하세요, AGRICOLA 고객센터입니다. 반품 상품이 물류센터에 도착한 후 영업일 기준 3~5일 내에 환불이 완료됩니다. 카드 결제의 경우 카드사 정책에 따라 최대 7일 정도 소요될 수 있습니다.',to_date('25/10/31','RR/MM/DD'),to_date('25/10/31','RR/MM/DD'));
Insert into SYSTEM.INQUIRY_ANSWER (ANSWER_NO,INQUIRY_NO,SELLER_ID,CONTENT,CDATETIME,UDATETIME) values (6,31,'SYSTEM01','답변456',to_date('25/11/06','RR/MM/DD'),to_date('25/11/06','RR/MM/DD'));
Insert into SYSTEM.INQUIRY_ANSWER (ANSWER_NO,INQUIRY_NO,SELLER_ID,CONTENT,CDATETIME,UDATETIME) values (7,34,'SYSTEM01','ㄳ',to_date('25/11/07','RR/MM/DD'),to_date('25/11/07','RR/MM/DD'));
Insert into SYSTEM.INQUIRY_ANSWER (ANSWER_NO,INQUIRY_NO,SELLER_ID,CONTENT,CDATETIME,UDATETIME) values (2,25,'SYSTEM01','모름',to_date('25/10/31','RR/MM/DD'),to_date('25/10/31','RR/MM/DD'));
Insert into SYSTEM.INQUIRY_ANSWER (ANSWER_NO,INQUIRY_NO,SELLER_ID,CONTENT,CDATETIME,UDATETIME) values (5,21,'SYSTEM01','확인해보겠습니다',to_date('25/11/03','RR/MM/DD'),to_date('25/11/03','RR/MM/DD'));
REM INSERTING into SYSTEM.MAIN_BANNER
SET DEFINE OFF;
Insert into SYSTEM.MAIN_BANNER (BANNER_NO,IMAGE_URL,LINK_URL,TITLE,DISPLAY_ORDER,IS_ACTIVE,CDATETIME,UDATETIME) values (5,'/resources/img/main/banner1.png','/main.do','banner5',5,'Y',to_date('25/11/06','RR/MM/DD'),to_date('25/11/06','RR/MM/DD'));
Insert into SYSTEM.MAIN_BANNER (BANNER_NO,IMAGE_URL,LINK_URL,TITLE,DISPLAY_ORDER,IS_ACTIVE,CDATETIME,UDATETIME) values (1,'/resources/img/main/banner5.png','/productInfo.do?productNo=240','banner1',1,'Y',to_date('25/11/03','RR/MM/DD'),to_date('25/11/03','RR/MM/DD'));
Insert into SYSTEM.MAIN_BANNER (BANNER_NO,IMAGE_URL,LINK_URL,TITLE,DISPLAY_ORDER,IS_ACTIVE,CDATETIME,UDATETIME) values (2,'/resources/img/main/banner2.png','/productInfo.do?productNo=223','banner2',2,'Y',to_date('25/11/03','RR/MM/DD'),to_date('25/11/03','RR/MM/DD'));
Insert into SYSTEM.MAIN_BANNER (BANNER_NO,IMAGE_URL,LINK_URL,TITLE,DISPLAY_ORDER,IS_ACTIVE,CDATETIME,UDATETIME) values (3,'/resources/img/main/banner3.png','/productInfo.do?productNo=242','banner3',3,'Y',to_date('25/11/03','RR/MM/DD'),to_date('25/11/03','RR/MM/DD'));
Insert into SYSTEM.MAIN_BANNER (BANNER_NO,IMAGE_URL,LINK_URL,TITLE,DISPLAY_ORDER,IS_ACTIVE,CDATETIME,UDATETIME) values (4,'/resources/img/main/banner4.png','/productInfo.do?productNo=243','banner4',4,'Y',to_date('25/11/03','RR/MM/DD'),to_date('25/11/03','RR/MM/DD'));
REM INSERTING into SYSTEM.NOTICE
SET DEFINE OFF;
Insert into SYSTEM.NOTICE (NOTICE_NO,USER_ID,TITLE,CONTENTS,CNT,CDATETIME,UDATETIME) values (11,'SYSTEM01','AGRICOLA 오픈 안내','안녕하세요. 농수산물 직거래 플랫폼 AGRICOLA가 정식 오픈했습니다! 
생산자와 소비자가 직접 연결되는 믿을 수 있는 직거래 서비스를 이용해보세요.',127,to_date('25/10/30','RR/MM/DD'),to_date('25/10/30','RR/MM/DD'));
Insert into SYSTEM.NOTICE (NOTICE_NO,USER_ID,TITLE,CONTENTS,CNT,CDATETIME,UDATETIME) values (12,'SYSTEM01','회원가입 이벤트 진행 중','지금 회원가입하시면 3,000원 할인 쿠폰을 드립니다. 
신선한 농수산물을 합리적인 가격에 만나보세요!',219,to_date('25/10/30','RR/MM/DD'),to_date('25/10/30','RR/MM/DD'));
Insert into SYSTEM.NOTICE (NOTICE_NO,USER_ID,TITLE,CONTENTS,CNT,CDATETIME,UDATETIME) values (13,'SYSTEM01','배송 지연 안내','최근 폭우로 일부 지역의 신선식품 배송이 지연되고 있습니다. 
고객님의 너른 양해 부탁드립니다.',194,to_date('25/10/30','RR/MM/DD'),to_date('25/10/30','RR/MM/DD'));
Insert into SYSTEM.NOTICE (NOTICE_NO,USER_ID,TITLE,CONTENTS,CNT,CDATETIME,UDATETIME) values (14,'SYSTEM01','번쩍장터 서비스 오픈 안내','지금 바로 실시간 거래 가능한 번쩍장터 서비스를 만나보세요! 
지역 판매자와 바로 연결되는 빠른 거래를 지원합니다.',259,to_date('25/10/30','RR/MM/DD'),to_date('25/10/30','RR/MM/DD'));
Insert into SYSTEM.NOTICE (NOTICE_NO,USER_ID,TITLE,CONTENTS,CNT,CDATETIME,UDATETIME) values (15,'SYSTEM01','정기 점검 안내 (11월 1일 02:00~05:00)','더 나은 서비스 제공을 위해 AGRICOLA 시스템 점검이 진행됩니다. 
해당 시간 동안 접속이 불가하오니 이용에 참고 부탁드립니다.',103,to_date('25/10/30','RR/MM/DD'),to_date('25/10/30','RR/MM/DD'));
Insert into SYSTEM.NOTICE (NOTICE_NO,USER_ID,TITLE,CONTENTS,CNT,CDATETIME,UDATETIME) values (16,'SYSTEM01','판매자 신청 기능 오픈','이제 누구나 AGRICOLA 판매자로 등록할 수 있습니다. 
직접 재배한 농수산물을 판매해보세요!',343,to_date('25/10/30','RR/MM/DD'),to_date('25/10/30','RR/MM/DD'));
Insert into SYSTEM.NOTICE (NOTICE_NO,USER_ID,TITLE,CONTENTS,CNT,CDATETIME,UDATETIME) values (17,'SYSTEM01','리뷰 이벤트 당첨자 발표','지난 10월 리뷰 작성 이벤트 당첨자를 발표합니다. 
당첨자 명단은 고객센터 > 이벤트 페이지에서 확인 가능합니다.',280,to_date('25/10/30','RR/MM/DD'),to_date('25/10/30','RR/MM/DD'));
Insert into SYSTEM.NOTICE (NOTICE_NO,USER_ID,TITLE,CONTENTS,CNT,CDATETIME,UDATETIME) values (18,'SYSTEM01','친환경 포장재 변경 안내','AGRICOLA는 환경 보호를 위해 모든 포장재를 친환경 소재로 전환합니다. 
지속 가능한 농업과 소비에 함께 동참해주세요.',162,to_date('25/10/30','RR/MM/DD'),to_date('25/10/30','RR/MM/DD'));
Insert into SYSTEM.NOTICE (NOTICE_NO,USER_ID,TITLE,CONTENTS,CNT,CDATETIME,UDATETIME) values (19,'SYSTEM01','고객센터 운영시간 변경 안내','고객센터 운영시간이 오전 9시~오후 6시로 변경됩니다. 
주말 및 공휴일은 휴무입니다.',97,to_date('25/10/30','RR/MM/DD'),to_date('25/10/30','RR/MM/DD'));
Insert into SYSTEM.NOTICE (NOTICE_NO,USER_ID,TITLE,CONTENTS,CNT,CDATETIME,UDATETIME) values (20,'SYSTEM01','11월 신상품 입고 안내','<p>제철 농산물과 수산물이 새롭게 입고되었습니다. 
신선한 가을 농수산물을 지금 바로 만나보세요!!</p>',362,to_date('25/10/30','RR/MM/DD'),to_date('25/10/31','RR/MM/DD'));
Insert into SYSTEM.NOTICE (NOTICE_NO,USER_ID,TITLE,CONTENTS,CNT,CDATETIME,UDATETIME) values (21,'SYSTEM01','TEST','<p>TEST</p>',43,to_date('25/10/31','RR/MM/DD'),to_date('25/10/31','RR/MM/DD'));
REM INSERTING into SYSTEM.NOTICE_COMMENT
SET DEFINE OFF;
Insert into SYSTEM.NOTICE_COMMENT (COMMENT_NO,NOTICE_NO,USER_ID,PARENT_COMMENT_NO,CONTENTS,CDATETIME,UDATETIME) values (3,21,'test01',null,'test 1',to_date('25/10/31','RR/MM/DD'),to_date('25/10/31','RR/MM/DD'));
Insert into SYSTEM.NOTICE_COMMENT (COMMENT_NO,NOTICE_NO,USER_ID,PARENT_COMMENT_NO,CONTENTS,CDATETIME,UDATETIME) values (23,12,'kakao_4525634675@social.local',null,'차가운 댓글',to_date('25/11/07','RR/MM/DD'),to_date('25/11/07','RR/MM/DD'));
Insert into SYSTEM.NOTICE_COMMENT (COMMENT_NO,NOTICE_NO,USER_ID,PARENT_COMMENT_NO,CONTENTS,CDATETIME,UDATETIME) values (6,21,'tjdals3790',3,'123',to_date('25/10/31','RR/MM/DD'),to_date('25/10/31','RR/MM/DD'));
Insert into SYSTEM.NOTICE_COMMENT (COMMENT_NO,NOTICE_NO,USER_ID,PARENT_COMMENT_NO,CONTENTS,CDATETIME,UDATETIME) values (21,21,'kakao_4525634675@social.local',null,'멋진 사이트',to_date('25/11/07','RR/MM/DD'),to_date('25/11/07','RR/MM/DD'));
Insert into SYSTEM.NOTICE_COMMENT (COMMENT_NO,NOTICE_NO,USER_ID,PARENT_COMMENT_NO,CONTENTS,CDATETIME,UDATETIME) values (22,20,'kakao_4525634675@social.local',null,'얼른 먹어 보고 싶어요 ~~',to_date('25/11/07','RR/MM/DD'),to_date('25/11/07','RR/MM/DD'));
Insert into SYSTEM.NOTICE_COMMENT (COMMENT_NO,NOTICE_NO,USER_ID,PARENT_COMMENT_NO,CONTENTS,CDATETIME,UDATETIME) values (4,21,'SYSTEM01',3,'운영자 입니다. 안녕하세요.',to_date('25/10/31','RR/MM/DD'),to_date('25/10/31','RR/MM/DD'));
Insert into SYSTEM.NOTICE_COMMENT (COMMENT_NO,NOTICE_NO,USER_ID,PARENT_COMMENT_NO,CONTENTS,CDATETIME,UDATETIME) values (5,21,'tjdals3790',null,'123',to_date('25/10/31','RR/MM/DD'),to_date('25/10/31','RR/MM/DD'));
REM INSERTING into SYSTEM.ORDER_ITEM
SET DEFINE OFF;
Insert into SYSTEM.ORDER_ITEM (ORDER_ITEM_NO,QUANTITY,PRICE,PRODUCT_NO,ORDER_NO,OPTION_NO) values (50,1,20000,223,22,67);
Insert into SYSTEM.ORDER_ITEM (ORDER_ITEM_NO,QUANTITY,PRICE,PRODUCT_NO,ORDER_NO,OPTION_NO) values (57,1,46000,222,30,65);
Insert into SYSTEM.ORDER_ITEM (ORDER_ITEM_NO,QUANTITY,PRICE,PRODUCT_NO,ORDER_NO,OPTION_NO) values (49,1,20000,223,21,68);
Insert into SYSTEM.ORDER_ITEM (ORDER_ITEM_NO,QUANTITY,PRICE,PRODUCT_NO,ORDER_NO,OPTION_NO) values (58,1,54000,222,31,66);
Insert into SYSTEM.ORDER_ITEM (ORDER_ITEM_NO,QUANTITY,PRICE,PRODUCT_NO,ORDER_NO,OPTION_NO) values (42,1,29900,142,8,null);
Insert into SYSTEM.ORDER_ITEM (ORDER_ITEM_NO,QUANTITY,PRICE,PRODUCT_NO,ORDER_NO,OPTION_NO) values (43,2,8900,122,8,null);
Insert into SYSTEM.ORDER_ITEM (ORDER_ITEM_NO,QUANTITY,PRICE,PRODUCT_NO,ORDER_NO,OPTION_NO) values (44,2,26400,189,9,null);
Insert into SYSTEM.ORDER_ITEM (ORDER_ITEM_NO,QUANTITY,PRICE,PRODUCT_NO,ORDER_NO,OPTION_NO) values (45,1,25800,210,10,null);
Insert into SYSTEM.ORDER_ITEM (ORDER_ITEM_NO,QUANTITY,PRICE,PRODUCT_NO,ORDER_NO,OPTION_NO) values (51,1,29900,240,24,157);
Insert into SYSTEM.ORDER_ITEM (ORDER_ITEM_NO,QUANTITY,PRICE,PRODUCT_NO,ORDER_NO,OPTION_NO) values (53,2,14520,207,27,133);
Insert into SYSTEM.ORDER_ITEM (ORDER_ITEM_NO,QUANTITY,PRICE,PRODUCT_NO,ORDER_NO,OPTION_NO) values (54,3,106380,176,27,108);
Insert into SYSTEM.ORDER_ITEM (ORDER_ITEM_NO,QUANTITY,PRICE,PRODUCT_NO,ORDER_NO,OPTION_NO) values (48,1,28000,223,19,68);
Insert into SYSTEM.ORDER_ITEM (ORDER_ITEM_NO,QUANTITY,PRICE,PRODUCT_NO,ORDER_NO,OPTION_NO) values (52,1,5900,243,25,165);
Insert into SYSTEM.ORDER_ITEM (ORDER_ITEM_NO,QUANTITY,PRICE,PRODUCT_NO,ORDER_NO,OPTION_NO) values (55,1,46000,222,28,65);
Insert into SYSTEM.ORDER_ITEM (ORDER_ITEM_NO,QUANTITY,PRICE,PRODUCT_NO,ORDER_NO,OPTION_NO) values (56,1,46000,222,29,65);
Insert into SYSTEM.ORDER_ITEM (ORDER_ITEM_NO,QUANTITY,PRICE,PRODUCT_NO,ORDER_NO,OPTION_NO) values (46,2,40000,223,11,null);
Insert into SYSTEM.ORDER_ITEM (ORDER_ITEM_NO,QUANTITY,PRICE,PRODUCT_NO,ORDER_NO,OPTION_NO) values (47,1,20000,223,12,null);
REM INSERTING into SYSTEM.ORDERS
SET DEFINE OFF;
Insert into SYSTEM.ORDERS (ORDER_NO,TOTAL_PRICE,STATUS,RECEIV_NAME,RECEIV_PHONE,DELIVER_ADDR,MEMO,ORDERDATE,UDATETIME,BUYER_ID) values (15,100,'결제완료','김성민','010-1234-5678','서울특별시 중구 을지로 100','부재 시 문 앞에 놓아주세요',to_date('25/11/04','RR/MM/DD'),to_date('25/11/04','RR/MM/DD'),'test1234');
Insert into SYSTEM.ORDERS (ORDER_NO,TOTAL_PRICE,STATUS,RECEIV_NAME,RECEIV_PHONE,DELIVER_ADDR,MEMO,ORDERDATE,UDATETIME,BUYER_ID) values (20,1,'결제완료','김성민','01040543790','경기도 부천시 소사구 송내대로 14, 11 (송내동, 송내역 파인 푸르지오 2단지)','문 앞에 놔주세요',to_date('25/11/07','RR/MM/DD'),to_date('25/11/07','RR/MM/DD'),'tjdals3790');
Insert into SYSTEM.ORDERS (ORDER_NO,TOTAL_PRICE,STATUS,RECEIV_NAME,RECEIV_PHONE,DELIVER_ADDR,MEMO,ORDERDATE,UDATETIME,BUYER_ID) values (22,1,'취소/반품','김성민','01040543790','경기도 부천시 소사구 송내대로 14, 11 (송내동, 송내역 파인 푸르지오 2단지)',null,to_date('25/11/07','RR/MM/DD'),to_date('25/11/10','RR/MM/DD'),'tjdals3790');
Insert into SYSTEM.ORDERS (ORDER_NO,TOTAL_PRICE,STATUS,RECEIV_NAME,RECEIV_PHONE,DELIVER_ADDR,MEMO,ORDERDATE,UDATETIME,BUYER_ID) values (30,1,'배송 완료','맵테스트','010-0000-1011','서울특별시 강남구 테헤란로 123 (역삼동)',null,to_date('25/11/11','RR/MM/DD'),to_date('25/11/11','RR/MM/DD'),'testmap03');
Insert into SYSTEM.ORDERS (ORDER_NO,TOTAL_PRICE,STATUS,RECEIV_NAME,RECEIV_PHONE,DELIVER_ADDR,MEMO,ORDERDATE,UDATETIME,BUYER_ID) values (16,1,'결제완료','맵테스트','010-0000-1011','서울특별시 강남구 테헤란로 123 (역삼동)',null,to_date('25/11/05','RR/MM/DD'),to_date('25/11/05','RR/MM/DD'),'testmap03');
Insert into SYSTEM.ORDERS (ORDER_NO,TOTAL_PRICE,STATUS,RECEIV_NAME,RECEIV_PHONE,DELIVER_ADDR,MEMO,ORDERDATE,UDATETIME,BUYER_ID) values (17,1,'결제완료','맵테스트','010-0000-1011','서울특별시 강남구 테헤란로 123 (역삼동)',null,to_date('25/11/05','RR/MM/DD'),to_date('25/11/05','RR/MM/DD'),'testmap03');
Insert into SYSTEM.ORDERS (ORDER_NO,TOTAL_PRICE,STATUS,RECEIV_NAME,RECEIV_PHONE,DELIVER_ADDR,MEMO,ORDERDATE,UDATETIME,BUYER_ID) values (18,1,'결제완료','맵테스트','010-0000-1011','서울특별시 강남구 테헤란로 123 (역삼동)','택배함에 넣어주세요',to_date('25/11/05','RR/MM/DD'),to_date('25/11/05','RR/MM/DD'),'testmap03');
Insert into SYSTEM.ORDERS (ORDER_NO,TOTAL_PRICE,STATUS,RECEIV_NAME,RECEIV_PHONE,DELIVER_ADDR,MEMO,ORDERDATE,UDATETIME,BUYER_ID) values (19,28000,'배송 완료','테스트','01012345678','경기도 부천시 오정구 평천로 723, 123 (삼정동)',null,to_date('25/11/06','RR/MM/DD'),to_date('25/11/11','RR/MM/DD'),'test01');
Insert into SYSTEM.ORDERS (ORDER_NO,TOTAL_PRICE,STATUS,RECEIV_NAME,RECEIV_PHONE,DELIVER_ADDR,MEMO,ORDERDATE,UDATETIME,BUYER_ID) values (21,1,'배송 준비중','김성민','01040543790','경기도 부천시 소사구 송내대로 14, 11 (송내동, 송내역 파인 푸르지오 2단지)','문 앞에 놔주세요',to_date('25/11/07','RR/MM/DD'),to_date('25/11/10','RR/MM/DD'),'tjdals3790');
Insert into SYSTEM.ORDERS (ORDER_NO,TOTAL_PRICE,STATUS,RECEIV_NAME,RECEIV_PHONE,DELIVER_ADDR,MEMO,ORDERDATE,UDATETIME,BUYER_ID) values (31,1,'배송 완료','권혁준','010-9032-9035','인천 부평구',null,to_date('25/11/11','RR/MM/DD'),to_date('25/11/11','RR/MM/DD'),'gurwns9035');
Insert into SYSTEM.ORDERS (ORDER_NO,TOTAL_PRICE,STATUS,RECEIV_NAME,RECEIV_PHONE,DELIVER_ADDR,MEMO,ORDERDATE,UDATETIME,BUYER_ID) values (4,44800,'배송완료','김구매','010-1111-2222','서울시 강남구
 테헤란로 123','문 앞에 놓아주세요.',to_date('25/10/22','RR/MM/DD'),to_date('25/10/25','RR/MM/DD'),'buyer01');
Insert into SYSTEM.ORDERS (ORDER_NO,TOTAL_PRICE,STATUS,RECEIV_NAME,RECEIV_PHONE,DELIVER_ADDR,MEMO,ORDERDATE,UDATETIME,BUYER_ID) values (13,100,'결제완료','김성민','010-1234-5678','서울특별시 중구 을지로 100','부재 시 문 앞에 놓아주세요',to_date('25/11/04','RR/MM/DD'),to_date('25/11/04','RR/MM/DD'),'test1234');
Insert into SYSTEM.ORDERS (ORDER_NO,TOTAL_PRICE,STATUS,RECEIV_NAME,RECEIV_PHONE,DELIVER_ADDR,MEMO,ORDERDATE,UDATETIME,BUYER_ID) values (8,47700,'배송완료','김성민','01040543790','경기도 부천시
소사구 송내대로 14, 11 (송내동, 송내역 파인 푸르지오 2단지)','문 앞에 놓아주세요.',to_date('25/10/29','RR/MM/DD'),to_date('25/10/29','RR/MM/DD'),'tjdals3790');
Insert into SYSTEM.ORDERS (ORDER_NO,TOTAL_PRICE,STATUS,RECEIV_NAME,RECEIV_PHONE,DELIVER_ADDR,MEMO,ORDERDATE,UDATETIME,BUYER_ID) values (9,52800,'배송중','홍길동','01012345678','인천광역시 부평구',null,to_date('25/10/28','RR/MM/DD'),to_date('25/10/28','RR/MM/DD'),'user01');
Insert into SYSTEM.ORDERS (ORDER_NO,TOTAL_PRICE,STATUS,RECEIV_NAME,RECEIV_PHONE,DELIVER_ADDR,MEMO,ORDERDATE,UDATETIME,BUYER_ID) values (10,25800,'결제완료','테스트','010-1234-5678','경기도 부천시 오정구
평천로 723, 123 (삼정동)','부재 시 경비실에 맡겨주세요.',to_date('25/10/27','RR/MM/DD'),to_date('25/10/27','RR/MM/DD'),'test01');
Insert into SYSTEM.ORDERS (ORDER_NO,TOTAL_PRICE,STATUS,RECEIV_NAME,RECEIV_PHONE,DELIVER_ADDR,MEMO,ORDERDATE,UDATETIME,BUYER_ID) values (14,100,'결제완료','김성민','010-1234-5678','서울특별시 중구 을지로 100','부재 시 문 앞에 놓아주세요',to_date('25/11/04','RR/MM/DD'),to_date('25/11/04','RR/MM/DD'),'test1234');
Insert into SYSTEM.ORDERS (ORDER_NO,TOTAL_PRICE,STATUS,RECEIV_NAME,RECEIV_PHONE,DELIVER_ADDR,MEMO,ORDERDATE,UDATETIME,BUYER_ID) values (27,120900,'배송중','테스트수령인5','01055556666','서울시 강남구 테스트동
102','두 가지 상품 함께 배송',to_date('25/11/10','RR/MM/DD'),to_date('25/11/10','RR/MM/DD'),'test01');
Insert into SYSTEM.ORDERS (ORDER_NO,TOTAL_PRICE,STATUS,RECEIV_NAME,RECEIV_PHONE,DELIVER_ADDR,MEMO,ORDERDATE,UDATETIME,BUYER_ID) values (24,29900,'결제완료','테스트수령인1','01011112222','서울시 강남구
테스트동 789','빠른 배송 부탁드립니다',to_date('25/11/10','RR/MM/DD'),to_date('25/11/10','RR/MM/DD'),'test01');
Insert into SYSTEM.ORDERS (ORDER_NO,TOTAL_PRICE,STATUS,RECEIV_NAME,RECEIV_PHONE,DELIVER_ADDR,MEMO,ORDERDATE,UDATETIME,BUYER_ID) values (25,1,'결제완료','김성민','01040543790','경기도 부천시 소사구 송내대로 14, 11 (송내동, 송내역 파인 푸르지오 2단지)','문 앞에 놔주세요',to_date('25/11/10','RR/MM/DD'),to_date('25/11/10','RR/MM/DD'),'tjdals3790');
Insert into SYSTEM.ORDERS (ORDER_NO,TOTAL_PRICE,STATUS,RECEIV_NAME,RECEIV_PHONE,DELIVER_ADDR,MEMO,ORDERDATE,UDATETIME,BUYER_ID) values (26,1,'결제완료','맵테스트','010-0000-1011','서울특별시 강남구 테헤란로 123 (역삼동)','문 앞에 놔주세요',to_date('25/11/10','RR/MM/DD'),to_date('25/11/10','RR/MM/DD'),'testmap03');
Insert into SYSTEM.ORDERS (ORDER_NO,TOTAL_PRICE,STATUS,RECEIV_NAME,RECEIV_PHONE,DELIVER_ADDR,MEMO,ORDERDATE,UDATETIME,BUYER_ID) values (28,1,'배송중','맵테스트','010-0000-1011','서울특별시 강남구 테헤란로 123 (역삼동)','배송 전에 연락주세요',to_date('25/11/11','RR/MM/DD'),to_date('25/11/11','RR/MM/DD'),'testmap03');
Insert into SYSTEM.ORDERS (ORDER_NO,TOTAL_PRICE,STATUS,RECEIV_NAME,RECEIV_PHONE,DELIVER_ADDR,MEMO,ORDERDATE,UDATETIME,BUYER_ID) values (11,40000,'배송 완료','테스트','010-1234-1234','서울시 강남구 테헤란로 123',null,to_date('25/11/04','RR/MM/DD'),to_date('25/11/07','RR/MM/DD'),'tjdals3790');
Insert into SYSTEM.ORDERS (ORDER_NO,TOTAL_PRICE,STATUS,RECEIV_NAME,RECEIV_PHONE,DELIVER_ADDR,MEMO,ORDERDATE,UDATETIME,BUYER_ID) values (12,20000,'배송 완료','테스트','010-1234-4567','서울시 강남구 테헤란로 123',null,to_date('25/11/04','RR/MM/DD'),to_date('25/11/10','RR/MM/DD'),'testmap03');
Insert into SYSTEM.ORDERS (ORDER_NO,TOTAL_PRICE,STATUS,RECEIV_NAME,RECEIV_PHONE,DELIVER_ADDR,MEMO,ORDERDATE,UDATETIME,BUYER_ID) values (29,1,'배송 완료','맵테스트','010-0000-1011','서울특별시 강남구 테헤란로 123 (역삼동)',null,to_date('25/11/11','RR/MM/DD'),to_date('25/11/11','RR/MM/DD'),'testmap03');
REM INSERTING into SYSTEM.PAYMENT
SET DEFINE OFF;
Insert into SYSTEM.PAYMENT (PAYMENT_NO,ORDER_NO,PAYMENT_METHOD,PAYMENT_STATUS,TRANSACTION_NO,AMOUNT,PAID_AT) values (8,15,'CARD','SUCCESS','imp_870423512869',100,to_date('25/11/04','RR/MM/DD'));
Insert into SYSTEM.PAYMENT (PAYMENT_NO,ORDER_NO,PAYMENT_METHOD,PAYMENT_STATUS,TRANSACTION_NO,AMOUNT,PAID_AT) values (13,20,'CARD','SUCCESS','imp_863278808708',1,to_date('25/11/07','RR/MM/DD'));
Insert into SYSTEM.PAYMENT (PAYMENT_NO,ORDER_NO,PAYMENT_METHOD,PAYMENT_STATUS,TRANSACTION_NO,AMOUNT,PAID_AT) values (15,22,'CARD','SUCCESS','imp_823017420286',1,to_date('25/11/07','RR/MM/DD'));
Insert into SYSTEM.PAYMENT (PAYMENT_NO,ORDER_NO,PAYMENT_METHOD,PAYMENT_STATUS,TRANSACTION_NO,AMOUNT,PAID_AT) values (20,30,'POINT','SUCCESS','imp_522045140426',1,to_date('25/11/11','RR/MM/DD'));
Insert into SYSTEM.PAYMENT (PAYMENT_NO,ORDER_NO,PAYMENT_METHOD,PAYMENT_STATUS,TRANSACTION_NO,AMOUNT,PAID_AT) values (9,16,'POINT','SUCCESS','imp_771744466388',1,to_date('25/11/05','RR/MM/DD'));
Insert into SYSTEM.PAYMENT (PAYMENT_NO,ORDER_NO,PAYMENT_METHOD,PAYMENT_STATUS,TRANSACTION_NO,AMOUNT,PAID_AT) values (10,17,'POINT','SUCCESS','imp_012891986460',1,to_date('25/11/05','RR/MM/DD'));
Insert into SYSTEM.PAYMENT (PAYMENT_NO,ORDER_NO,PAYMENT_METHOD,PAYMENT_STATUS,TRANSACTION_NO,AMOUNT,PAID_AT) values (11,18,'POINT','SUCCESS','imp_445144165473',1,to_date('25/11/05','RR/MM/DD'));
Insert into SYSTEM.PAYMENT (PAYMENT_NO,ORDER_NO,PAYMENT_METHOD,PAYMENT_STATUS,TRANSACTION_NO,AMOUNT,PAID_AT) values (12,19,'POINT','SUCCESS','imp_816678197714',28000,to_date('25/11/06','RR/MM/DD'));
Insert into SYSTEM.PAYMENT (PAYMENT_NO,ORDER_NO,PAYMENT_METHOD,PAYMENT_STATUS,TRANSACTION_NO,AMOUNT,PAID_AT) values (14,21,'CARD','SUCCESS','imp_233770992217',1,to_date('25/11/07','RR/MM/DD'));
Insert into SYSTEM.PAYMENT (PAYMENT_NO,ORDER_NO,PAYMENT_METHOD,PAYMENT_STATUS,TRANSACTION_NO,AMOUNT,PAID_AT) values (21,31,'POINT','SUCCESS','imp_968664314470',1,to_date('25/11/11','RR/MM/DD'));
Insert into SYSTEM.PAYMENT (PAYMENT_NO,ORDER_NO,PAYMENT_METHOD,PAYMENT_STATUS,TRANSACTION_NO,AMOUNT,PAID_AT) values (4,8,'CARD','SUCCESS','TRANS_101_CARD_20251029',47700,to_date('25/10/29','RR/MM/DD'));
Insert into SYSTEM.PAYMENT (PAYMENT_NO,ORDER_NO,PAYMENT_METHOD,PAYMENT_STATUS,TRANSACTION_NO,AMOUNT,PAID_AT) values (5,9,'KAKAOPAY','SUCCESS','TRANS_102_KKO_20251028',52800,to_date('25/10/28','RR/MM/DD'));
Insert into SYSTEM.PAYMENT (PAYMENT_NO,ORDER_NO,PAYMENT_METHOD,PAYMENT_STATUS,TRANSACTION_NO,AMOUNT,PAID_AT) values (6,10,'TOSS','SUCCESS','TRANS_103_TOSS_20251027',25800,to_date('25/10/27','RR/MM/DD'));
Insert into SYSTEM.PAYMENT (PAYMENT_NO,ORDER_NO,PAYMENT_METHOD,PAYMENT_STATUS,TRANSACTION_NO,AMOUNT,PAID_AT) values (7,10,'TOSS','SUCCESS','TRANS_103_TOSS_20251027',25800,to_date('25/10/27','RR/MM/DD'));
Insert into SYSTEM.PAYMENT (PAYMENT_NO,ORDER_NO,PAYMENT_METHOD,PAYMENT_STATUS,TRANSACTION_NO,AMOUNT,PAID_AT) values (16,25,'CARD','SUCCESS','imp_350959091375',1,to_date('25/11/10','RR/MM/DD'));
Insert into SYSTEM.PAYMENT (PAYMENT_NO,ORDER_NO,PAYMENT_METHOD,PAYMENT_STATUS,TRANSACTION_NO,AMOUNT,PAID_AT) values (17,26,'POINT','SUCCESS','imp_068132295675',1,to_date('25/11/10','RR/MM/DD'));
Insert into SYSTEM.PAYMENT (PAYMENT_NO,ORDER_NO,PAYMENT_METHOD,PAYMENT_STATUS,TRANSACTION_NO,AMOUNT,PAID_AT) values (18,28,'POINT','SUCCESS','imp_570179252103',1,to_date('25/11/11','RR/MM/DD'));
Insert into SYSTEM.PAYMENT (PAYMENT_NO,ORDER_NO,PAYMENT_METHOD,PAYMENT_STATUS,TRANSACTION_NO,AMOUNT,PAID_AT) values (19,29,'POINT','SUCCESS','imp_357798917527',1,to_date('25/11/11','RR/MM/DD'));
REM INSERTING into SYSTEM.PRODUCT
SET DEFINE OFF;
Insert into SYSTEM.PRODUCT (PRODUCT_NO,SELLER_ID,CATEGORY_NO,PNAME,PINFO,PRICE,ORIGIN,CDATETIME,UDATETIME,RECOMMEND,PRODUCT_STATUS) values (159,'seller15',3020,'agricola48의 표고버섯','아그리꼴라에서 추천하는 최고의 표고버섯',16130,'전북 장수',to_date('25/10/27','RR/MM/DD'),to_date('25/10/27','RR/MM/DD'),'N','SELLING');
Insert into SYSTEM.PRODUCT (PRODUCT_NO,SELLER_ID,CATEGORY_NO,PNAME,PINFO,PRICE,ORIGIN,CDATETIME,UDATETIME,RECOMMEND,PRODUCT_STATUS) values (160,'seller15',3030,'agricola49의 송이버섯','아그리꼴라에서 추천하는 최고의 송이버섯',160400,'강원 홍천',to_date('25/10/27','RR/MM/DD'),to_date('25/10/27','RR/MM/DD'),'N','SOLDOUT');
Insert into SYSTEM.PRODUCT (PRODUCT_NO,SELLER_ID,CATEGORY_NO,PNAME,PINFO,PRICE,ORIGIN,CDATETIME,UDATETIME,RECOMMEND,PRODUCT_STATUS) values (161,'seller15',3040,'agricola50의 능이버섯','아그리꼴라에서 추천하는 최고의 능이버섯',26000,'강원 인제',to_date('25/10/27','RR/MM/DD'),to_date('25/10/27','RR/MM/DD'),'N','SELLING');
Insert into SYSTEM.PRODUCT (PRODUCT_NO,SELLER_ID,CATEGORY_NO,PNAME,PINFO,PRICE,ORIGIN,CDATETIME,UDATETIME,RECOMMEND,PRODUCT_STATUS) values (162,'seller15',3110,'agricola51의 아카시아꿀','아그리꼴라에서 추천하는 최고의 아카시아꿀',29500,'전북 진안',to_date('25/10/27','RR/MM/DD'),to_date('25/10/27','RR/MM/DD'),'N','SOLDOUT');
Insert into SYSTEM.PRODUCT (PRODUCT_NO,SELLER_ID,CATEGORY_NO,PNAME,PINFO,PRICE,ORIGIN,CDATETIME,UDATETIME,RECOMMEND,PRODUCT_STATUS) values (163,'seller15',3120,'agricola52의 밤꿀','아그리꼴라에서 추천하는 최고의 밤꿀',29900,'충남 정안',to_date('25/10/27','RR/MM/DD'),to_date('25/10/27','RR/MM/DD'),'N','SELLING');
Insert into SYSTEM.PRODUCT (PRODUCT_NO,SELLER_ID,CATEGORY_NO,PNAME,PINFO,PRICE,ORIGIN,CDATETIME,UDATETIME,RECOMMEND,PRODUCT_STATUS) values (164,'seller15',3130,'agricola53의 잡화꿀','아그리꼴라에서 추천하는 최고의 잡화꿀',36800,'전남 영광',to_date('25/10/27','RR/MM/DD'),to_date('25/10/27','RR/MM/DD'),'N','SOLDOUT');
Insert into SYSTEM.PRODUCT (PRODUCT_NO,SELLER_ID,CATEGORY_NO,PNAME,PINFO,PRICE,ORIGIN,CDATETIME,UDATETIME,RECOMMEND,PRODUCT_STATUS) values (165,'seller15',3140,'agricola54의 유채꿀','아그리꼴라에서 추천하는 최고의 유채꿀',35000,'전남 여수',to_date('25/10/27','RR/MM/DD'),to_date('25/10/27','RR/MM/DD'),'N','SELLING');
Insert into SYSTEM.PRODUCT (PRODUCT_NO,SELLER_ID,CATEGORY_NO,PNAME,PINFO,PRICE,ORIGIN,CDATETIME,UDATETIME,RECOMMEND,PRODUCT_STATUS) values (166,'seller15',3150,'agricola55의 싸리꿀','아그리꼴라에서 추천하는 최고의 싸리꿀',28000,'전북 무주',to_date('25/10/27','RR/MM/DD'),to_date('25/10/27','RR/MM/DD'),'N','SOLDOUT');
Insert into SYSTEM.PRODUCT (PRODUCT_NO,SELLER_ID,CATEGORY_NO,PNAME,PINFO,PRICE,ORIGIN,CDATETIME,UDATETIME,RECOMMEND,PRODUCT_STATUS) values (167,'seller15',3200,'agricola56의 호두','아그리꼴라에서 추천하는 최고의 호두',14500,'경북 칠곡',to_date('25/10/27','RR/MM/DD'),to_date('25/10/27','RR/MM/DD'),'N','SOLDOUT');
Insert into SYSTEM.PRODUCT (PRODUCT_NO,SELLER_ID,CATEGORY_NO,PNAME,PINFO,PRICE,ORIGIN,CDATETIME,UDATETIME,RECOMMEND,PRODUCT_STATUS) values (168,'seller15',3210,'agricola57의 밤','아그리꼴라에서 추천하는 최고의 밤',11430,'충남 정안',to_date('25/10/27','RR/MM/DD'),to_date('25/10/27','RR/MM/DD'),'N','SELLING');
Insert into SYSTEM.PRODUCT (PRODUCT_NO,SELLER_ID,CATEGORY_NO,PNAME,PINFO,PRICE,ORIGIN,CDATETIME,UDATETIME,RECOMMEND,PRODUCT_STATUS) values (169,'seller15',3220,'agricola58의 아몬드','아그리꼴라에서 추천하는 최고의 아몬드',16530,'태국산',to_date('25/10/27','RR/MM/DD'),to_date('25/10/27','RR/MM/DD'),'N','SELLING');
Insert into SYSTEM.PRODUCT (PRODUCT_NO,SELLER_ID,CATEGORY_NO,PNAME,PINFO,PRICE,ORIGIN,CDATETIME,UDATETIME,RECOMMEND,PRODUCT_STATUS) values (170,'seller15',3230,'agricola59의 은행','아그리꼴라에서 추천하는 최고의 은행',23000,'충남 당진',to_date('25/10/27','RR/MM/DD'),to_date('25/10/27','RR/MM/DD'),'N','SOLDOUT');
Insert into SYSTEM.PRODUCT (PRODUCT_NO,SELLER_ID,CATEGORY_NO,PNAME,PINFO,PRICE,ORIGIN,CDATETIME,UDATETIME,RECOMMEND,PRODUCT_STATUS) values (171,'seller15',3240,'agricola60의 잣','아그리꼴라에서 추천하는 최고의 잣',48000,'경기 철원',to_date('25/10/27','RR/MM/DD'),to_date('25/10/27','RR/MM/DD'),'N','SOLDOUT');
Insert into SYSTEM.PRODUCT (PRODUCT_NO,SELLER_ID,CATEGORY_NO,PNAME,PINFO,PRICE,ORIGIN,CDATETIME,UDATETIME,RECOMMEND,PRODUCT_STATUS) values (172,'seller15',3300,'agricola61의 더덕','아그리꼴라에서 추천하는 최고의 더덕',11900,'강원 화천',to_date('25/10/27','RR/MM/DD'),to_date('25/10/27','RR/MM/DD'),'N','SELLING');
Insert into SYSTEM.PRODUCT (PRODUCT_NO,SELLER_ID,CATEGORY_NO,PNAME,PINFO,PRICE,ORIGIN,CDATETIME,UDATETIME,RECOMMEND,PRODUCT_STATUS) values (173,'seller15',3310,'agricola62의 고사리','아그리꼴라에서 추천하는 최고의 고사리',5990,'전북 무주',to_date('25/10/27','RR/MM/DD'),to_date('25/10/27','RR/MM/DD'),'N','SOLDOUT');
Insert into SYSTEM.PRODUCT (PRODUCT_NO,SELLER_ID,CATEGORY_NO,PNAME,PINFO,PRICE,ORIGIN,CDATETIME,UDATETIME,RECOMMEND,PRODUCT_STATUS) values (174,'seller15',3320,'agricola63의 도라지','아그리꼴라에서 추천하는 최고의 도라지',16100,'전북 진안',to_date('25/10/27','RR/MM/DD'),to_date('25/10/27','RR/MM/DD'),'N','SOLDOUT');
Insert into SYSTEM.PRODUCT (PRODUCT_NO,SELLER_ID,CATEGORY_NO,PNAME,PINFO,PRICE,ORIGIN,CDATETIME,UDATETIME,RECOMMEND,PRODUCT_STATUS) values (175,'seller15',3330,'agricola64의 취나물','아그리꼴라에서 추천하는 최고의 취나물',12000,'강원 원통',to_date('25/10/27','RR/MM/DD'),to_date('25/10/27','RR/MM/DD'),'N','SELLING');
Insert into SYSTEM.PRODUCT (PRODUCT_NO,SELLER_ID,CATEGORY_NO,PNAME,PINFO,PRICE,ORIGIN,CDATETIME,UDATETIME,RECOMMEND,PRODUCT_STATUS) values (176,'seller15',3340,'agricola65의 두릅','아그리꼴라에서 추천하는 최고의 두릅',21460,'강원 원통',to_date('25/10/27','RR/MM/DD'),to_date('25/10/27','RR/MM/DD'),'N','SELLING');
Insert into SYSTEM.PRODUCT (PRODUCT_NO,SELLER_ID,CATEGORY_NO,PNAME,PINFO,PRICE,ORIGIN,CDATETIME,UDATETIME,RECOMMEND,PRODUCT_STATUS) values (177,'seller15',3400,'agricola66의 참쑥','아그리꼴라에서 추천하는 최고의 참쑥',36000,'강화 인진',to_date('25/10/27','RR/MM/DD'),to_date('25/10/27','RR/MM/DD'),'N','HIDDEN');
Insert into SYSTEM.PRODUCT (PRODUCT_NO,SELLER_ID,CATEGORY_NO,PNAME,PINFO,PRICE,ORIGIN,CDATETIME,UDATETIME,RECOMMEND,PRODUCT_STATUS) values (178,'seller15',3410,'agricola67의 천마','아그리꼴라에서 추천하는 최고의 천마',99000,'강원 원통',to_date('25/10/27','RR/MM/DD'),to_date('25/10/27','RR/MM/DD'),'N','SOLDOUT');
Insert into SYSTEM.PRODUCT (PRODUCT_NO,SELLER_ID,CATEGORY_NO,PNAME,PINFO,PRICE,ORIGIN,CDATETIME,UDATETIME,RECOMMEND,PRODUCT_STATUS) values (179,'seller15',3420,'agricola68의 산양삼','아그리꼴라에서 추천하는 최고의 산양삼',58000,'강원 원통',to_date('25/10/27','RR/MM/DD'),to_date('25/10/27','RR/MM/DD'),'N','SELLING');
Insert into SYSTEM.PRODUCT (PRODUCT_NO,SELLER_ID,CATEGORY_NO,PNAME,PINFO,PRICE,ORIGIN,CDATETIME,UDATETIME,RECOMMEND,PRODUCT_STATUS) values (180,'seller15',3430,'agricola69의 구절초','아그리꼴라에서 추천하는 최고의 구절초',8900,'전북 정읍',to_date('25/10/27','RR/MM/DD'),to_date('25/10/27','RR/MM/DD'),'N','SELLING');
Insert into SYSTEM.PRODUCT (PRODUCT_NO,SELLER_ID,CATEGORY_NO,PNAME,PINFO,PRICE,ORIGIN,CDATETIME,UDATETIME,RECOMMEND,PRODUCT_STATUS) values (181,'seller15',3440,'agricola70의 하수오','아그리꼴라에서 추천하는 최고의 하수오',17900,'전북 인월',to_date('25/10/27','RR/MM/DD'),to_date('25/10/27','RR/MM/DD'),'N','SOLDOUT');
Insert into SYSTEM.PRODUCT (PRODUCT_NO,SELLER_ID,CATEGORY_NO,PNAME,PINFO,PRICE,ORIGIN,CDATETIME,UDATETIME,RECOMMEND,PRODUCT_STATUS) values (182,'seller15',3500,'agricola71의 건고사리','아그리꼴라에서 추천하는 최고의 건고사리',13400,'전북 장수',to_date('25/10/27','RR/MM/DD'),to_date('25/10/27','RR/MM/DD'),'N','SELLING');
Insert into SYSTEM.PRODUCT (PRODUCT_NO,SELLER_ID,CATEGORY_NO,PNAME,PINFO,PRICE,ORIGIN,CDATETIME,UDATETIME,RECOMMEND,PRODUCT_STATUS) values (183,'seller15',3510,'agricola72의 건표고버섯','아그리꼴라에서 추천하는 최고의 건표고버섯',20600,'전북 무주',to_date('25/10/27','RR/MM/DD'),to_date('25/10/27','RR/MM/DD'),'N','SOLDOUT');
Insert into SYSTEM.PRODUCT (PRODUCT_NO,SELLER_ID,CATEGORY_NO,PNAME,PINFO,PRICE,ORIGIN,CDATETIME,UDATETIME,RECOMMEND,PRODUCT_STATUS) values (184,'seller15',3520,'agricola73의 곶감','아그리꼴라에서 추천하는 최고의 곶감',13300,'전북 진안',to_date('25/10/27','RR/MM/DD'),to_date('25/10/27','RR/MM/DD'),'N','SOLDOUT');
Insert into SYSTEM.PRODUCT (PRODUCT_NO,SELLER_ID,CATEGORY_NO,PNAME,PINFO,PRICE,ORIGIN,CDATETIME,UDATETIME,RECOMMEND,PRODUCT_STATUS) values (185,'seller15',3530,'agricola74의 홍삼','아그리꼴라에서 추천하는 최고의 홍삼',49900,'전북 진안',to_date('25/10/27','RR/MM/DD'),to_date('25/10/27','RR/MM/DD'),'N','SOLDOUT');
Insert into SYSTEM.PRODUCT (PRODUCT_NO,SELLER_ID,CATEGORY_NO,PNAME,PINFO,PRICE,ORIGIN,CDATETIME,UDATETIME,RECOMMEND,PRODUCT_STATUS) values (186,'seller15',3540,'agricola75의 고로쇠물','아그리꼴라에서 추천하는 최고의 고로쇠물',22000,'전남 구례',to_date('25/10/27','RR/MM/DD'),to_date('25/10/27','RR/MM/DD'),'N','SELLING');
Insert into SYSTEM.PRODUCT (PRODUCT_NO,SELLER_ID,CATEGORY_NO,PNAME,PINFO,PRICE,ORIGIN,CDATETIME,UDATETIME,RECOMMEND,PRODUCT_STATUS) values (187,'seller15',4000,'agricola76의 우럭','아그리꼴라에서 추천하는 최고의 우럭',21900,'전남 여수',to_date('25/10/27','RR/MM/DD'),to_date('25/10/27','RR/MM/DD'),'N','SOLDOUT');
Insert into SYSTEM.PRODUCT (PRODUCT_NO,SELLER_ID,CATEGORY_NO,PNAME,PINFO,PRICE,ORIGIN,CDATETIME,UDATETIME,RECOMMEND,PRODUCT_STATUS) values (188,'seller15',4010,'agricola77의 광어','아그리꼴라에서 추천하는 최고의 광어',23700,'충남 광천',to_date('25/10/27','RR/MM/DD'),to_date('25/10/27','RR/MM/DD'),'N','HIDDEN');
Insert into SYSTEM.PRODUCT (PRODUCT_NO,SELLER_ID,CATEGORY_NO,PNAME,PINFO,PRICE,ORIGIN,CDATETIME,UDATETIME,RECOMMEND,PRODUCT_STATUS) values (189,'seller15',4020,'agricola78의 장어','아그리꼴라에서 추천하는 최고의 장어',26400,'전북 고창',to_date('25/10/27','RR/MM/DD'),to_date('25/10/27','RR/MM/DD'),'N','SELLING');
Insert into SYSTEM.PRODUCT (PRODUCT_NO,SELLER_ID,CATEGORY_NO,PNAME,PINFO,PRICE,ORIGIN,CDATETIME,UDATETIME,RECOMMEND,PRODUCT_STATUS) values (190,'seller15',4030,'agricola79의 갈치','아그리꼴라에서 추천하는 최고의 갈치',39000,'제주도',to_date('25/10/27','RR/MM/DD'),to_date('25/10/27','RR/MM/DD'),'N','SELLING');
Insert into SYSTEM.PRODUCT (PRODUCT_NO,SELLER_ID,CATEGORY_NO,PNAME,PINFO,PRICE,ORIGIN,CDATETIME,UDATETIME,RECOMMEND,PRODUCT_STATUS) values (191,'seller15',4040,'agricola80의 옥돔','아그리꼴라에서 추천하는 최고의 옥돔',33000,'제주도',to_date('25/10/27','RR/MM/DD'),to_date('25/10/27','RR/MM/DD'),'N','SOLDOUT');
Insert into SYSTEM.PRODUCT (PRODUCT_NO,SELLER_ID,CATEGORY_NO,PNAME,PINFO,PRICE,ORIGIN,CDATETIME,UDATETIME,RECOMMEND,PRODUCT_STATUS) values (192,'seller15',4100,'agricola81의 오징어','아그리꼴라에서 추천하는 최고의 오징어',22900,'강원 동해',to_date('25/10/27','RR/MM/DD'),to_date('25/10/27','RR/MM/DD'),'N','SOLDOUT');
Insert into SYSTEM.PRODUCT (PRODUCT_NO,SELLER_ID,CATEGORY_NO,PNAME,PINFO,PRICE,ORIGIN,CDATETIME,UDATETIME,RECOMMEND,PRODUCT_STATUS) values (193,'seller15',4110,'agricola82의 문어','아그리꼴라에서 추천하는 최고의 문어',22260,'경북 영덕',to_date('25/10/27','RR/MM/DD'),to_date('25/10/27','RR/MM/DD'),'N','SELLING');
Insert into SYSTEM.PRODUCT (PRODUCT_NO,SELLER_ID,CATEGORY_NO,PNAME,PINFO,PRICE,ORIGIN,CDATETIME,UDATETIME,RECOMMEND,PRODUCT_STATUS) values (194,'seller15',4120,'agricola83의 갑오징어','아그리꼴라에서 추천하는 최고의 갑오징어',16900,'전남 녹동',to_date('25/10/27','RR/MM/DD'),to_date('25/10/27','RR/MM/DD'),'N','SOLDOUT');
Insert into SYSTEM.PRODUCT (PRODUCT_NO,SELLER_ID,CATEGORY_NO,PNAME,PINFO,PRICE,ORIGIN,CDATETIME,UDATETIME,RECOMMEND,PRODUCT_STATUS) values (195,'seller15',4130,'agricola84의 주꾸미','아그리꼴라에서 추천하는 최고의 주꾸미',8920,'전북 군산',to_date('25/10/27','RR/MM/DD'),to_date('25/10/27','RR/MM/DD'),'N','SELLING');
Insert into SYSTEM.PRODUCT (PRODUCT_NO,SELLER_ID,CATEGORY_NO,PNAME,PINFO,PRICE,ORIGIN,CDATETIME,UDATETIME,RECOMMEND,PRODUCT_STATUS) values (196,'seller15',4140,'agricola85의 낙지','아그리꼴라에서 추천하는 최고의 낙지',15100,'충남 보령',to_date('25/10/27','RR/MM/DD'),to_date('25/10/27','RR/MM/DD'),'N','SOLDOUT');
Insert into SYSTEM.PRODUCT (PRODUCT_NO,SELLER_ID,CATEGORY_NO,PNAME,PINFO,PRICE,ORIGIN,CDATETIME,UDATETIME,RECOMMEND,PRODUCT_STATUS) values (197,'seller15',4200,'agricola86의 전복','아그리꼴라에서 추천하는 최고의 전복',11470,'전남 완도',to_date('25/10/27','RR/MM/DD'),to_date('25/10/27','RR/MM/DD'),'N','SELLING');
Insert into SYSTEM.PRODUCT (PRODUCT_NO,SELLER_ID,CATEGORY_NO,PNAME,PINFO,PRICE,ORIGIN,CDATETIME,UDATETIME,RECOMMEND,PRODUCT_STATUS) values (198,'seller15',4210,'agricola87의 바지락','아그리꼴라에서 추천하는 최고의 바지락',7890,'전북 군산',to_date('25/10/27','RR/MM/DD'),to_date('25/10/27','RR/MM/DD'),'N','HIDDEN');
Insert into SYSTEM.PRODUCT (PRODUCT_NO,SELLER_ID,CATEGORY_NO,PNAME,PINFO,PRICE,ORIGIN,CDATETIME,UDATETIME,RECOMMEND,PRODUCT_STATUS) values (199,'seller15',4220,'agricola88의 가리비','아그리꼴라에서 추천하는 최고의 가리비',4900,'경남 통영',to_date('25/10/27','RR/MM/DD'),to_date('25/10/27','RR/MM/DD'),'N','SELLING');
Insert into SYSTEM.PRODUCT (PRODUCT_NO,SELLER_ID,CATEGORY_NO,PNAME,PINFO,PRICE,ORIGIN,CDATETIME,UDATETIME,RECOMMEND,PRODUCT_STATUS) values (200,'seller15',4230,'agricola89의 홍합','아그리꼴라에서 추천하는 최고의 홍합',4900,'경남 통영',to_date('25/10/27','RR/MM/DD'),to_date('25/10/27','RR/MM/DD'),'N','SELLING');
Insert into SYSTEM.PRODUCT (PRODUCT_NO,SELLER_ID,CATEGORY_NO,PNAME,PINFO,PRICE,ORIGIN,CDATETIME,UDATETIME,RECOMMEND,PRODUCT_STATUS) values (201,'seller15',4240,'agricola90의 굴','아그리꼴라에서 추천하는 최고의 굴',5990,'경남 통영',to_date('25/10/27','RR/MM/DD'),to_date('25/10/27','RR/MM/DD'),'N','HIDDEN');
Insert into SYSTEM.PRODUCT (PRODUCT_NO,SELLER_ID,CATEGORY_NO,PNAME,PINFO,PRICE,ORIGIN,CDATETIME,UDATETIME,RECOMMEND,PRODUCT_STATUS) values (202,'seller15',4300,'agricola91의 김','아그리꼴라에서 추천하는 최고의 김',7580,'전남 완도',to_date('25/10/27','RR/MM/DD'),to_date('25/10/27','RR/MM/DD'),'N','SELLING');
Insert into SYSTEM.PRODUCT (PRODUCT_NO,SELLER_ID,CATEGORY_NO,PNAME,PINFO,PRICE,ORIGIN,CDATETIME,UDATETIME,RECOMMEND,PRODUCT_STATUS) values (203,'seller15',4310,'agricola92의 미역','아그리꼴라에서 추천하는 최고의 미역',3490,'경남 남해',to_date('25/10/27','RR/MM/DD'),to_date('25/10/27','RR/MM/DD'),'N','SOLDOUT');
Insert into SYSTEM.PRODUCT (PRODUCT_NO,SELLER_ID,CATEGORY_NO,PNAME,PINFO,PRICE,ORIGIN,CDATETIME,UDATETIME,RECOMMEND,PRODUCT_STATUS) values (204,'seller15',4320,'agricola93의 다시마','아그리꼴라에서 추천하는 최고의 다시마',7900,'경남 남해',to_date('25/10/27','RR/MM/DD'),to_date('25/10/27','RR/MM/DD'),'N','SOLDOUT');
Insert into SYSTEM.PRODUCT (PRODUCT_NO,SELLER_ID,CATEGORY_NO,PNAME,PINFO,PRICE,ORIGIN,CDATETIME,UDATETIME,RECOMMEND,PRODUCT_STATUS) values (205,'seller15',4330,'agricola94의 우뭇가사리','아그리꼴라에서 추천하는 최고의 우뭇가사리',12800,'전남 신안',to_date('25/10/27','RR/MM/DD'),to_date('25/10/27','RR/MM/DD'),'N','HIDDEN');
Insert into SYSTEM.PRODUCT (PRODUCT_NO,SELLER_ID,CATEGORY_NO,PNAME,PINFO,PRICE,ORIGIN,CDATETIME,UDATETIME,RECOMMEND,PRODUCT_STATUS) values (206,'seller15',4340,'agricola95의 파래','아그리꼴라에서 추천하는 최고의 파래',6900,'전남 신안',to_date('25/10/27','RR/MM/DD'),to_date('25/10/27','RR/MM/DD'),'N','HIDDEN');
Insert into SYSTEM.PRODUCT (PRODUCT_NO,SELLER_ID,CATEGORY_NO,PNAME,PINFO,PRICE,ORIGIN,CDATETIME,UDATETIME,RECOMMEND,PRODUCT_STATUS) values (221,'seller03',1000,'테스트1','사진만 등록',10000,'국산(고룡포)',to_date('25/11/03','RR/MM/DD'),to_date('25/11/03','RR/MM/DD'),'N','HIDDEN');
Insert into SYSTEM.PRODUCT (PRODUCT_NO,SELLER_ID,CATEGORY_NO,PNAME,PINFO,PRICE,ORIGIN,CDATETIME,UDATETIME,RECOMMEND,PRODUCT_STATUS) values (219,'seller03',1010,'1','사진만 등록',1,'1',to_date('25/10/31','RR/MM/DD'),to_date('25/10/31','RR/MM/DD'),'N','SELLING');
Insert into SYSTEM.PRODUCT (PRODUCT_NO,SELLER_ID,CATEGORY_NO,PNAME,PINFO,PRICE,ORIGIN,CDATETIME,UDATETIME,RECOMMEND,PRODUCT_STATUS) values (220,'seller03',4500,'영덕 대게 (활/손질 선택)','경북 영덕 항에서 선별한 대게만 사용합니다. 주문 즉시 활어상태 선배송 또는 손질/급냉 포장 선택 가능. 스티로폼+아이스팩으로 신선배송하며 자연사 등 신선식품 특성상 단순변심 반품은 어려울 수 있습니다.',69000,'경북 영덕',to_date('25/10/31','RR/MM/DD'),to_date('25/11/11','RR/MM/DD'),'N','SELLING');
Insert into SYSTEM.PRODUCT (PRODUCT_NO,SELLER_ID,CATEGORY_NO,PNAME,PINFO,PRICE,ORIGIN,CDATETIME,UDATETIME,RECOMMEND,PRODUCT_STATUS) values (222,'seller03',1000,'🌾 농부의 정성, 2025년산 경기 이천 햅쌀 10kg','농부의 정성이 들어간 2025년산 이천 햅쌀입니다',38000,'경기 이천',to_date('25/11/03','RR/MM/DD'),to_date('25/11/10','RR/MM/DD'),'Y','SELLING');
Insert into SYSTEM.PRODUCT (PRODUCT_NO,SELLER_ID,CATEGORY_NO,PNAME,PINFO,PRICE,ORIGIN,CDATETIME,UDATETIME,RECOMMEND,PRODUCT_STATUS) values (224,'seller03',1000,'11111','사진만 등록',1111,'1111',to_date('25/11/04','RR/MM/DD'),to_date('25/11/04','RR/MM/DD'),'N','HIDDEN');
Insert into SYSTEM.PRODUCT (PRODUCT_NO,SELLER_ID,CATEGORY_NO,PNAME,PINFO,PRICE,ORIGIN,CDATETIME,UDATETIME,RECOMMEND,PRODUCT_STATUS) values (226,'seller03',1000,'888','888',88,'888',to_date('25/11/04','RR/MM/DD'),to_date('25/11/04','RR/MM/DD'),'N','SELLING');
Insert into SYSTEM.PRODUCT (PRODUCT_NO,SELLER_ID,CATEGORY_NO,PNAME,PINFO,PRICE,ORIGIN,CDATETIME,UDATETIME,RECOMMEND,PRODUCT_STATUS) values (227,'test123',1010,'최고의 보리','맛있는 보리입니다',1000,'경기 이천',to_date('25/11/05','RR/MM/DD'),to_date('25/11/05','RR/MM/DD'),'Y','SELLING');
Insert into SYSTEM.PRODUCT (PRODUCT_NO,SELLER_ID,CATEGORY_NO,PNAME,PINFO,PRICE,ORIGIN,CDATETIME,UDATETIME,RECOMMEND,PRODUCT_STATUS) values (228,'test123',1020,'맛있는 수수','진짜 맛있는 수수입니다',2000,'경기 이천',to_date('25/11/05','RR/MM/DD'),to_date('25/11/05','RR/MM/DD'),'Y','SELLING');
Insert into SYSTEM.PRODUCT (PRODUCT_NO,SELLER_ID,CATEGORY_NO,PNAME,PINFO,PRICE,ORIGIN,CDATETIME,UDATETIME,RECOMMEND,PRODUCT_STATUS) values (232,'seller15',2020,'한국에서 제일 맛있는 닭','진짜 맛있습니다',5000,'국산(횡성)',to_date('25/11/05','RR/MM/DD'),to_date('25/11/05','RR/MM/DD'),'N','SELLING');
Insert into SYSTEM.PRODUCT (PRODUCT_NO,SELLER_ID,CATEGORY_NO,PNAME,PINFO,PRICE,ORIGIN,CDATETIME,UDATETIME,RECOMMEND,PRODUCT_STATUS) values (234,'seller15',4210,'깔끔한 맛 바지락','맛있는 바지락입니다',6000,'국산',to_date('25/11/05','RR/MM/DD'),to_date('25/11/05','RR/MM/DD'),'Y','SELLING');
Insert into SYSTEM.PRODUCT (PRODUCT_NO,SELLER_ID,CATEGORY_NO,PNAME,PINFO,PRICE,ORIGIN,CDATETIME,UDATETIME,RECOMMEND,PRODUCT_STATUS) values (236,'seller03',1000,'지리산쌀','청정 뱀사골물로 농사 지은 쌀',15000,'전북 남원',to_date('25/11/06','RR/MM/DD'),to_date('25/11/06','RR/MM/DD'),'N','SELLING');
Insert into SYSTEM.PRODUCT (PRODUCT_NO,SELLER_ID,CATEGORY_NO,PNAME,PINFO,PRICE,ORIGIN,CDATETIME,UDATETIME,RECOMMEND,PRODUCT_STATUS) values (237,'testseller1',1200,'신선한 국내산 배추','청정 지역에서 재배한 100% 국내산 배추입니다. 아삭하고 단단한 식감으로 김장용은 물론 각종 요리에 잘 어울립니다.',4900,'국산(강원도 평창)',to_date('25/11/06','RR/MM/DD'),to_date('25/11/06','RR/MM/DD'),'Y','SELLING');
Insert into SYSTEM.PRODUCT (PRODUCT_NO,SELLER_ID,CATEGORY_NO,PNAME,PINFO,PRICE,ORIGIN,CDATETIME,UDATETIME,RECOMMEND,PRODUCT_STATUS) values (241,'seller99',1240,'평창 햇감자','강원 평창 산지에서 수확한 햇감자입니다. 전분 함량이 높아 찌고 구워도 포슬포슬한 식감이 좋아요. 산지 당일 선별·포장 후 신선하게 발송합니다.',12900,'강원 평창',to_date('25/11/10','RR/MM/DD'),to_date('25/11/10','RR/MM/DD'),'Y','SELLING');
Insert into SYSTEM.PRODUCT (PRODUCT_NO,SELLER_ID,CATEGORY_NO,PNAME,PINFO,PRICE,ORIGIN,CDATETIME,UDATETIME,RECOMMEND,PRODUCT_STATUS) values (240,'seller15',1310,'나주 신고배 선과직송','산지에서 선별 후 당일 출고하는 아삭달콤한 나주 배',19900,'전남 나주시',to_date('25/11/07','RR/MM/DD'),to_date('25/11/07','RR/MM/DD'),'Y','SELLING');
Insert into SYSTEM.PRODUCT (PRODUCT_NO,SELLER_ID,CATEGORY_NO,PNAME,PINFO,PRICE,ORIGIN,CDATETIME,UDATETIME,RECOMMEND,PRODUCT_STATUS) values (242,'seller20',1300,'예산 부사 사과','충남 예산에서 수확한 당도 좋은 부사 사과입니다. 산지에서 선별·세척 후 당일 포장해 신선하게 발송합니다. 선물용/가정용 모두 추천!!',24900,'충남 예산',to_date('25/11/10','RR/MM/DD'),to_date('25/11/10','RR/MM/DD'),'Y','SELLING');
Insert into SYSTEM.PRODUCT (PRODUCT_NO,SELLER_ID,CATEGORY_NO,PNAME,PINFO,PRICE,ORIGIN,CDATETIME,UDATETIME,RECOMMEND,PRODUCT_STATUS) values (243,'seller21',4300,'광천 재래김','충남 보령 광천에서 갓 구운 재래김입니다. 바삭한 식감과 고소한 향이 특징이며, 도시락/전장/김밥용 등 다양한 규격으로 선별해 당일 포장·발송합니다.',5900,'충남 보령 광천',to_date('25/11/10','RR/MM/DD'),to_date('25/11/10','RR/MM/DD'),'Y','SELLING');
Insert into SYSTEM.PRODUCT (PRODUCT_NO,SELLER_ID,CATEGORY_NO,PNAME,PINFO,PRICE,ORIGIN,CDATETIME,UDATETIME,RECOMMEND,PRODUCT_STATUS) values (248,'seller21',4210,'꿀바지락','미네랄이 풍부한 서해 바다에서 자란 바지락입니다.',3500,'보령',to_date('25/11/10','RR/MM/DD'),to_date('25/11/10','RR/MM/DD'),'N','SELLING');
Insert into SYSTEM.PRODUCT (PRODUCT_NO,SELLER_ID,CATEGORY_NO,PNAME,PINFO,PRICE,ORIGIN,CDATETIME,UDATETIME,RECOMMEND,PRODUCT_STATUS) values (249,'testseller2',4110,'동해 속초 대왕 문어','피를 맑게하는 속초대왕문어',50000,'속초',to_date('25/11/10','RR/MM/DD'),to_date('25/11/10','RR/MM/DD'),'N','SELLING');
Insert into SYSTEM.PRODUCT (PRODUCT_NO,SELLER_ID,CATEGORY_NO,PNAME,PINFO,PRICE,ORIGIN,CDATETIME,UDATETIME,RECOMMEND,PRODUCT_STATUS) values (250,'testseller2',4000,'속초 참우럭','단단하면서 부드러운 참우럭의 흰살을 보여줍니다.',5000,'속초',to_date('25/11/10','RR/MM/DD'),to_date('25/11/10','RR/MM/DD'),'N','SELLING');
Insert into SYSTEM.PRODUCT (PRODUCT_NO,SELLER_ID,CATEGORY_NO,PNAME,PINFO,PRICE,ORIGIN,CDATETIME,UDATETIME,RECOMMEND,PRODUCT_STATUS) values (251,'testseller1',1200,'갓','쌉쓰름한 맛을 김치로 만들 수 있는 여수 돌산 갓입니다.',5500,'여수',to_date('25/11/10','RR/MM/DD'),to_date('25/11/10','RR/MM/DD'),'N','HIDDEN');
Insert into SYSTEM.PRODUCT (PRODUCT_NO,SELLER_ID,CATEGORY_NO,PNAME,PINFO,PRICE,ORIGIN,CDATETIME,UDATETIME,RECOMMEND,PRODUCT_STATUS) values (214,'seller03',1000,'정말 맛있는 쌀','정말 맛있습니다',5000,'경기 광주',to_date('25/10/30','RR/MM/DD'),to_date('25/10/30','RR/MM/DD'),'N','SELLING');
Insert into SYSTEM.PRODUCT (PRODUCT_NO,SELLER_ID,CATEGORY_NO,PNAME,PINFO,PRICE,ORIGIN,CDATETIME,UDATETIME,RECOMMEND,PRODUCT_STATUS) values (223,'seller15',2000,'횡성 한우 1+등급 (부위 선택)','강원 횡성에서 선별한 1+ 등급 이상 한우입니다. 주문 즉시 저온에서 정육·진공포장 후 아이스팩/보냉박스로 당일 출고합니다. 부위별로 구이/볶음/국거리 등 용도에 맞게 선택하세요.',14900,'강원 횡성',to_date('25/11/04','RR/MM/DD'),to_date('25/11/10','RR/MM/DD'),'Y','SELLING');
Insert into SYSTEM.PRODUCT (PRODUCT_NO,SELLER_ID,CATEGORY_NO,PNAME,PINFO,PRICE,ORIGIN,CDATETIME,UDATETIME,RECOMMEND,PRODUCT_STATUS) values (229,'test123',1030,'한국 최고의 조','한국에서 제일 좋은 조 입니다',3000,'경기 이천',to_date('25/11/05','RR/MM/DD'),to_date('25/11/05','RR/MM/DD'),'Y','SELLING');
Insert into SYSTEM.PRODUCT (PRODUCT_NO,SELLER_ID,CATEGORY_NO,PNAME,PINFO,PRICE,ORIGIN,CDATETIME,UDATETIME,RECOMMEND,PRODUCT_STATUS) values (230,'test123',1040,'한국 최고의 혼합 5곡','정말 맛있는 혼합 5곡입니다',10000,'경기 이천',to_date('25/11/05','RR/MM/DD'),to_date('25/11/05','RR/MM/DD'),'Y','SELLING');
Insert into SYSTEM.PRODUCT (PRODUCT_NO,SELLER_ID,CATEGORY_NO,PNAME,PINFO,PRICE,ORIGIN,CDATETIME,UDATETIME,RECOMMEND,PRODUCT_STATUS) values (231,'seller15',1200,'김장 담그면 맛있는 해남 배추 (생배추)','전남 해남에서 수확한 신선한 생배추입니다. 포기가 단단하고 수분감이 좋아 김장용/쌈용 모두 추천합니다. 수확 당일 선별·포장하여 신선하게 발송합니다.',3900,'전남 해남',to_date('25/11/05','RR/MM/DD'),to_date('25/11/10','RR/MM/DD'),'N','SELLING');
Insert into SYSTEM.PRODUCT (PRODUCT_NO,SELLER_ID,CATEGORY_NO,PNAME,PINFO,PRICE,ORIGIN,CDATETIME,UDATETIME,RECOMMEND,PRODUCT_STATUS) values (212,'seller03',1000,'맛있는 쌀','정말 맛있는 쌀입니다',29000,'경기 광주',to_date('25/10/30','RR/MM/DD'),to_date('25/10/30','RR/MM/DD'),'N','SELLING');
Insert into SYSTEM.PRODUCT (PRODUCT_NO,SELLER_ID,CATEGORY_NO,PNAME,PINFO,PRICE,ORIGIN,CDATETIME,UDATETIME,RECOMMEND,PRODUCT_STATUS) values (213,'seller03',1000,'진짜 맛있는 쌀','진짜 맛있는 쌀입니다',10000,'경기 광주',to_date('25/10/30','RR/MM/DD'),to_date('25/10/30','RR/MM/DD'),'N','SELLING');
Insert into SYSTEM.PRODUCT (PRODUCT_NO,SELLER_ID,CATEGORY_NO,PNAME,PINFO,PRICE,ORIGIN,CDATETIME,UDATETIME,RECOMMEND,PRODUCT_STATUS) values (233,'seller15',3110,'달달한 아카시아꿀','달콤한 아카시아꿀입니다',10000,'경기 광주',to_date('25/11/05','RR/MM/DD'),to_date('25/11/05','RR/MM/DD'),'N','SELLING');
Insert into SYSTEM.PRODUCT (PRODUCT_NO,SELLER_ID,CATEGORY_NO,PNAME,PINFO,PRICE,ORIGIN,CDATETIME,UDATETIME,RECOMMEND,PRODUCT_STATUS) values (235,'seller03',1040,'건강 확실히 챙겨주는 만복 홉합곡','김포 쌀, 홍천 수수, 영양 조, 정읍 보리, 철원 귀리를 엄선하여 청결하게 혼합제조하였습니다.',1500,'수원',to_date('25/11/06','RR/MM/DD'),to_date('25/11/06','RR/MM/DD'),'Y','SELLING');
Insert into SYSTEM.PRODUCT (PRODUCT_NO,SELLER_ID,CATEGORY_NO,PNAME,PINFO,PRICE,ORIGIN,CDATETIME,UDATETIME,RECOMMEND,PRODUCT_STATUS) values (244,'seller15',2040,'호주 청정램 (부위 선택)','호주 청정지역에서 도축한 램(생후 12개월 미만) 원육만 사용합니다. 주문 후 저온 정육·진공포장하여 아이스팩 동봉 출고. 숄더/프렌치랙/등심/다리/큐브램 등 용도에 맞게 선택하세요.',13900,'호주',to_date('25/11/10','RR/MM/DD'),to_date('25/11/10','RR/MM/DD'),'N','SELLING');
Insert into SYSTEM.PRODUCT (PRODUCT_NO,SELLER_ID,CATEGORY_NO,PNAME,PINFO,PRICE,ORIGIN,CDATETIME,UDATETIME,RECOMMEND,PRODUCT_STATUS) values (246,'seller20',4130,'주꾸미','알이 꽉찬 알주쭈미요!!',30000,'보령 대포 주꾸미',to_date('25/11/10','RR/MM/DD'),to_date('25/11/10','RR/MM/DD'),'N','SELLING');
Insert into SYSTEM.PRODUCT (PRODUCT_NO,SELLER_ID,CATEGORY_NO,PNAME,PINFO,PRICE,ORIGIN,CDATETIME,UDATETIME,RECOMMEND,PRODUCT_STATUS) values (207,'seller15',4400,'agricola96의 새우젓','아그리꼴라에서 추천하는 최고의 새우젓',7260,'충북 보령',to_date('25/10/27','RR/MM/DD'),to_date('25/10/27','RR/MM/DD'),'N','SELLING');
Insert into SYSTEM.PRODUCT (PRODUCT_NO,SELLER_ID,CATEGORY_NO,PNAME,PINFO,PRICE,ORIGIN,CDATETIME,UDATETIME,RECOMMEND,PRODUCT_STATUS) values (208,'seller15',4410,'agricola97의 모듬회','아그리꼴라에서 추천하는 최고의 모듬회',30500,'경남 통영',to_date('25/10/27','RR/MM/DD'),to_date('25/10/27','RR/MM/DD'),'N','SELLING');
Insert into SYSTEM.PRODUCT (PRODUCT_NO,SELLER_ID,CATEGORY_NO,PNAME,PINFO,PRICE,ORIGIN,CDATETIME,UDATETIME,RECOMMEND,PRODUCT_STATUS) values (209,'seller15',4420,'agricola98의 자반고등어','아그리꼴라에서 추천하는 최고의 자반고등어',15900,'경북 안동',to_date('25/10/27','RR/MM/DD'),to_date('25/10/27','RR/MM/DD'),'N','SELLING');
Insert into SYSTEM.PRODUCT (PRODUCT_NO,SELLER_ID,CATEGORY_NO,PNAME,PINFO,PRICE,ORIGIN,CDATETIME,UDATETIME,RECOMMEND,PRODUCT_STATUS) values (210,'seller15',4430,'agricola99의 과메기','아그리꼴라에서 추천하는 최고의 과메기',25800,'경북 포항',to_date('25/10/27','RR/MM/DD'),to_date('25/10/27','RR/MM/DD'),'N','SELLING');
Insert into SYSTEM.PRODUCT (PRODUCT_NO,SELLER_ID,CATEGORY_NO,PNAME,PINFO,PRICE,ORIGIN,CDATETIME,UDATETIME,RECOMMEND,PRODUCT_STATUS) values (211,'seller15',4440,'agricola100의 굴비','아그리꼴라에서 추천하는 최고의 굴비',20400,'전남 영광',to_date('25/10/27','RR/MM/DD'),to_date('25/10/27','RR/MM/DD'),'N','SELLING');
Insert into SYSTEM.PRODUCT (PRODUCT_NO,SELLER_ID,CATEGORY_NO,PNAME,PINFO,PRICE,ORIGIN,CDATETIME,UDATETIME,RECOMMEND,PRODUCT_STATUS) values (225,'seller03',1000,'555','undefined',555,'555',to_date('25/11/04','RR/MM/DD'),to_date('25/11/04','RR/MM/DD'),'N','HIDDEN');
Insert into SYSTEM.PRODUCT (PRODUCT_NO,SELLER_ID,CATEGORY_NO,PNAME,PINFO,PRICE,ORIGIN,CDATETIME,UDATETIME,RECOMMEND,PRODUCT_STATUS) values (239,'seller15',1310,'나주 신고배 선과직송','산지에서 선별 후 당일 출고하는 아삭달콤한 나주 배',19900,'전남 나주시',to_date('25/11/07','RR/MM/DD'),to_date('25/11/07','RR/MM/DD'),'N','SELLING');
Insert into SYSTEM.PRODUCT (PRODUCT_NO,SELLER_ID,CATEGORY_NO,PNAME,PINFO,PRICE,ORIGIN,CDATETIME,UDATETIME,RECOMMEND,PRODUCT_STATUS) values (245,'seller03',3020,'전주 표고버섯','담백한 전골육수를 원하신다면 전주 꼭대기산에서 키운 전주 표고를 이용하세요',23500,'전라북도 전주시',to_date('25/11/10','RR/MM/DD'),to_date('25/11/10','RR/MM/DD'),'N','SELLING');
Insert into SYSTEM.PRODUCT (PRODUCT_NO,SELLER_ID,CATEGORY_NO,PNAME,PINFO,PRICE,ORIGIN,CDATETIME,UDATETIME,RECOMMEND,PRODUCT_STATUS) values (247,'seller20',3030,'오대산 송이버섯','설악산을 넘어 오대산까지 달려온 송이버섯',80000,'오대산 송이버섯',to_date('25/11/10','RR/MM/DD'),to_date('25/11/10','RR/MM/DD'),'N','SELLING');
Insert into SYSTEM.PRODUCT (PRODUCT_NO,SELLER_ID,CATEGORY_NO,PNAME,PINFO,PRICE,ORIGIN,CDATETIME,UDATETIME,RECOMMEND,PRODUCT_STATUS) values (112,'seller15',1000,'agricola01의 쌀','아그리꼴라에서 추천하는 최고의 쌀',35900,'경기 김포',to_date('25/10/27','RR/MM/DD'),to_date('25/10/27','RR/MM/DD'),'N','SOLDOUT');
Insert into SYSTEM.PRODUCT (PRODUCT_NO,SELLER_ID,CATEGORY_NO,PNAME,PINFO,PRICE,ORIGIN,CDATETIME,UDATETIME,RECOMMEND,PRODUCT_STATUS) values (117,'seller15',1100,'agricola06의 서리태','아그리꼴라에서 추천하는 최고의 서리태',3980,'경북 영양',to_date('25/10/27','RR/MM/DD'),to_date('25/10/27','RR/MM/DD'),'N','SELLING');
Insert into SYSTEM.PRODUCT (PRODUCT_NO,SELLER_ID,CATEGORY_NO,PNAME,PINFO,PRICE,ORIGIN,CDATETIME,UDATETIME,RECOMMEND,PRODUCT_STATUS) values (118,'seller15',1110,'agricola07의 완두콩','아그리꼴라에서 추천하는 최고의 완두콩',3900,'전남 구례',to_date('25/10/27','RR/MM/DD'),to_date('25/10/27','RR/MM/DD'),'N','SELLING');
Insert into SYSTEM.PRODUCT (PRODUCT_NO,SELLER_ID,CATEGORY_NO,PNAME,PINFO,PRICE,ORIGIN,CDATETIME,UDATETIME,RECOMMEND,PRODUCT_STATUS) values (119,'seller15',1120,'agricola08의 적두','아그리꼴라에서 추천하는 최고의 적두',9000,'전북 정읍',to_date('25/10/27','RR/MM/DD'),to_date('25/10/27','RR/MM/DD'),'N','SOLDOUT');
Insert into SYSTEM.PRODUCT (PRODUCT_NO,SELLER_ID,CATEGORY_NO,PNAME,PINFO,PRICE,ORIGIN,CDATETIME,UDATETIME,RECOMMEND,PRODUCT_STATUS) values (120,'seller15',1130,'agricola09의 땅콩','아그리꼴라에서 추천하는 최고의 땅콩',17590,'경남 합천',to_date('25/10/27','RR/MM/DD'),to_date('25/10/27','RR/MM/DD'),'N','SELLING');
Insert into SYSTEM.PRODUCT (PRODUCT_NO,SELLER_ID,CATEGORY_NO,PNAME,PINFO,PRICE,ORIGIN,CDATETIME,UDATETIME,RECOMMEND,PRODUCT_STATUS) values (121,'seller15',1140,'agricola10의 병아리콩','아그리꼴라에서 추천하는 최고의 병아리콩',4900,'경북 안동',to_date('25/10/27','RR/MM/DD'),to_date('25/10/27','RR/MM/DD'),'N','SELLING');
Insert into SYSTEM.PRODUCT (PRODUCT_NO,SELLER_ID,CATEGORY_NO,PNAME,PINFO,PRICE,ORIGIN,CDATETIME,UDATETIME,RECOMMEND,PRODUCT_STATUS) values (122,'seller15',1200,'agricola11의 배추','아그리꼴라에서 추천하는 최고의 배추',8900,'전남 진도',to_date('25/10/27','RR/MM/DD'),to_date('25/10/27','RR/MM/DD'),'N','SELLING');
Insert into SYSTEM.PRODUCT (PRODUCT_NO,SELLER_ID,CATEGORY_NO,PNAME,PINFO,PRICE,ORIGIN,CDATETIME,UDATETIME,RECOMMEND,PRODUCT_STATUS) values (123,'seller15',1210,'agricola12의 고구마','아그리꼴라에서 추천하는 최고의 고구마',2990,'전남 해남',to_date('25/10/27','RR/MM/DD'),to_date('25/10/27','RR/MM/DD'),'N','SOLDOUT');
Insert into SYSTEM.PRODUCT (PRODUCT_NO,SELLER_ID,CATEGORY_NO,PNAME,PINFO,PRICE,ORIGIN,CDATETIME,UDATETIME,RECOMMEND,PRODUCT_STATUS) values (124,'seller15',1220,'agricola13의 시금치','아그리꼴라에서 추천하는 최고의 시금치',3500,'전남 완도',to_date('25/10/27','RR/MM/DD'),to_date('25/10/27','RR/MM/DD'),'N','SELLING');
Insert into SYSTEM.PRODUCT (PRODUCT_NO,SELLER_ID,CATEGORY_NO,PNAME,PINFO,PRICE,ORIGIN,CDATETIME,UDATETIME,RECOMMEND,PRODUCT_STATUS) values (125,'seller15',1230,'agricola14의 무','아그리꼴라에서 추천하는 최고의 무',1960,'전북 고창',to_date('25/10/27','RR/MM/DD'),to_date('25/10/27','RR/MM/DD'),'N','SOLDOUT');
Insert into SYSTEM.PRODUCT (PRODUCT_NO,SELLER_ID,CATEGORY_NO,PNAME,PINFO,PRICE,ORIGIN,CDATETIME,UDATETIME,RECOMMEND,PRODUCT_STATUS) values (126,'seller15',1240,'agricola15의 감자','아그리꼴라에서 추천하는 최고의 감자',6490,'강원 평창',to_date('25/10/27','RR/MM/DD'),to_date('25/10/27','RR/MM/DD'),'N','SOLDOUT');
Insert into SYSTEM.PRODUCT (PRODUCT_NO,SELLER_ID,CATEGORY_NO,PNAME,PINFO,PRICE,ORIGIN,CDATETIME,UDATETIME,RECOMMEND,PRODUCT_STATUS) values (127,'seller15',1250,'agricola16의 가지','아그리꼴라에서 추천하는 최고의 가지',7990,'충남 연기',to_date('25/10/27','RR/MM/DD'),to_date('25/10/27','RR/MM/DD'),'N','SELLING');
Insert into SYSTEM.PRODUCT (PRODUCT_NO,SELLER_ID,CATEGORY_NO,PNAME,PINFO,PRICE,ORIGIN,CDATETIME,UDATETIME,RECOMMEND,PRODUCT_STATUS) values (128,'seller15',1260,'agricola17의 양파','아그리꼴라에서 추천하는 최고의 양파',3490,'전남 해남',to_date('25/10/27','RR/MM/DD'),to_date('25/10/27','RR/MM/DD'),'N','SELLING');
Insert into SYSTEM.PRODUCT (PRODUCT_NO,SELLER_ID,CATEGORY_NO,PNAME,PINFO,PRICE,ORIGIN,CDATETIME,UDATETIME,RECOMMEND,PRODUCT_STATUS) values (129,'seller15',1270,'agricola18의 마늘','아그리꼴라에서 추천하는 최고의 마늘',11960,'전북 정읍',to_date('25/10/27','RR/MM/DD'),to_date('25/10/27','RR/MM/DD'),'N','HIDDEN');
Insert into SYSTEM.PRODUCT (PRODUCT_NO,SELLER_ID,CATEGORY_NO,PNAME,PINFO,PRICE,ORIGIN,CDATETIME,UDATETIME,RECOMMEND,PRODUCT_STATUS) values (130,'seller15',1280,'agricola19의 오이 ','아그리꼴라에서 추천하는 최고의 오이 ',4020,'경기 하남',to_date('25/10/27','RR/MM/DD'),to_date('25/10/27','RR/MM/DD'),'N','SOLDOUT');
Insert into SYSTEM.PRODUCT (PRODUCT_NO,SELLER_ID,CATEGORY_NO,PNAME,PINFO,PRICE,ORIGIN,CDATETIME,UDATETIME,RECOMMEND,PRODUCT_STATUS) values (131,'seller15',1290,'agricola20의 고추','아그리꼴라에서 추천하는 최고의 고추',3320,'충남 홍성',to_date('25/10/27','RR/MM/DD'),to_date('25/10/27','RR/MM/DD'),'N','SELLING');
Insert into SYSTEM.PRODUCT (PRODUCT_NO,SELLER_ID,CATEGORY_NO,PNAME,PINFO,PRICE,ORIGIN,CDATETIME,UDATETIME,RECOMMEND,PRODUCT_STATUS) values (132,'seller15',1300,'agricola21의 사과','아그리꼴라에서 추천하는 최고의 사과',28800,'경북 안동',to_date('25/10/27','RR/MM/DD'),to_date('25/10/27','RR/MM/DD'),'N','SOLDOUT');
Insert into SYSTEM.PRODUCT (PRODUCT_NO,SELLER_ID,CATEGORY_NO,PNAME,PINFO,PRICE,ORIGIN,CDATETIME,UDATETIME,RECOMMEND,PRODUCT_STATUS) values (133,'seller15',1310,'agricola22의 배','아그리꼴라에서 추천하는 최고의 배',22800,'전남 나주',to_date('25/10/27','RR/MM/DD'),to_date('25/10/27','RR/MM/DD'),'N','SOLDOUT');
Insert into SYSTEM.PRODUCT (PRODUCT_NO,SELLER_ID,CATEGORY_NO,PNAME,PINFO,PRICE,ORIGIN,CDATETIME,UDATETIME,RECOMMEND,PRODUCT_STATUS) values (134,'seller15',1320,'agricola23의 포도','아그리꼴라에서 추천하는 최고의 포도',8390,'경기 화성',to_date('25/10/27','RR/MM/DD'),to_date('25/10/27','RR/MM/DD'),'N','HIDDEN');
Insert into SYSTEM.PRODUCT (PRODUCT_NO,SELLER_ID,CATEGORY_NO,PNAME,PINFO,PRICE,ORIGIN,CDATETIME,UDATETIME,RECOMMEND,PRODUCT_STATUS) values (135,'seller15',1330,'agricola24의 바나나','아그리꼴라에서 추천하는 최고의 바나나',4500,'베트남산',to_date('25/10/27','RR/MM/DD'),to_date('25/10/27','RR/MM/DD'),'N','SOLDOUT');
Insert into SYSTEM.PRODUCT (PRODUCT_NO,SELLER_ID,CATEGORY_NO,PNAME,PINFO,PRICE,ORIGIN,CDATETIME,UDATETIME,RECOMMEND,PRODUCT_STATUS) values (136,'seller15',1340,'agricola25의 감','아그리꼴라에서 추천하는 최고의 감',6990,'경남 합천',to_date('25/10/27','RR/MM/DD'),to_date('25/10/27','RR/MM/DD'),'N','SELLING');
Insert into SYSTEM.PRODUCT (PRODUCT_NO,SELLER_ID,CATEGORY_NO,PNAME,PINFO,PRICE,ORIGIN,CDATETIME,UDATETIME,RECOMMEND,PRODUCT_STATUS) values (137,'seller15',1400,'agricola26의 들기름','아그리꼴라에서 추천하는 최고의 들기름',11600,'전북 정읍',to_date('25/10/27','RR/MM/DD'),to_date('25/10/27','RR/MM/DD'),'N','SOLDOUT');
Insert into SYSTEM.PRODUCT (PRODUCT_NO,SELLER_ID,CATEGORY_NO,PNAME,PINFO,PRICE,ORIGIN,CDATETIME,UDATETIME,RECOMMEND,PRODUCT_STATUS) values (138,'seller15',1410,'agricola27의 누룽지','아그리꼴라에서 추천하는 최고의 누룽지',6150,'경기 안산',to_date('25/10/27','RR/MM/DD'),to_date('25/10/27','RR/MM/DD'),'N','SOLDOUT');
Insert into SYSTEM.PRODUCT (PRODUCT_NO,SELLER_ID,CATEGORY_NO,PNAME,PINFO,PRICE,ORIGIN,CDATETIME,UDATETIME,RECOMMEND,PRODUCT_STATUS) values (139,'seller15',1420,'agricola28의 모듬찰떡','아그리꼴라에서 추천하는 최고의 모듬찰떡',12650,'경기 여주',to_date('25/10/27','RR/MM/DD'),to_date('25/10/27','RR/MM/DD'),'N','SOLDOUT');
Insert into SYSTEM.PRODUCT (PRODUCT_NO,SELLER_ID,CATEGORY_NO,PNAME,PINFO,PRICE,ORIGIN,CDATETIME,UDATETIME,RECOMMEND,PRODUCT_STATUS) values (140,'seller15',1430,'agricola29의 고춧가루','아그리꼴라에서 추천하는 최고의 고춧가루',25500,'전북 정읍',to_date('25/10/27','RR/MM/DD'),to_date('25/10/27','RR/MM/DD'),'N','SOLDOUT');
Insert into SYSTEM.PRODUCT (PRODUCT_NO,SELLER_ID,CATEGORY_NO,PNAME,PINFO,PRICE,ORIGIN,CDATETIME,UDATETIME,RECOMMEND,PRODUCT_STATUS) values (141,'seller15',1440,'agricola30의 미숫가루','아그리꼴라에서 추천하는 최고의 미숫가루',9640,'강원 원주',to_date('25/10/27','RR/MM/DD'),to_date('25/10/27','RR/MM/DD'),'N','SOLDOUT');
Insert into SYSTEM.PRODUCT (PRODUCT_NO,SELLER_ID,CATEGORY_NO,PNAME,PINFO,PRICE,ORIGIN,CDATETIME,UDATETIME,RECOMMEND,PRODUCT_STATUS) values (142,'seller15',2000,'agricola31의 소고기','아그리꼴라에서 추천하는 최고의 소고기',29900,'강원 횡성',to_date('25/10/27','RR/MM/DD'),to_date('25/10/27','RR/MM/DD'),'N','HIDDEN');
Insert into SYSTEM.PRODUCT (PRODUCT_NO,SELLER_ID,CATEGORY_NO,PNAME,PINFO,PRICE,ORIGIN,CDATETIME,UDATETIME,RECOMMEND,PRODUCT_STATUS) values (143,'seller15',2010,'agricola32의 돼지고기','아그리꼴라에서 추천하는 최고의 돼지고기',10800,'충북 제천',to_date('25/10/27','RR/MM/DD'),to_date('25/10/27','RR/MM/DD'),'N','SELLING');
Insert into SYSTEM.PRODUCT (PRODUCT_NO,SELLER_ID,CATEGORY_NO,PNAME,PINFO,PRICE,ORIGIN,CDATETIME,UDATETIME,RECOMMEND,PRODUCT_STATUS) values (144,'seller15',2020,'agricola33의 닭고기','아그리꼴라에서 추천하는 최고의 닭고기',8030,'충북 단양',to_date('25/10/27','RR/MM/DD'),to_date('25/10/27','RR/MM/DD'),'N','SELLING');
Insert into SYSTEM.PRODUCT (PRODUCT_NO,SELLER_ID,CATEGORY_NO,PNAME,PINFO,PRICE,ORIGIN,CDATETIME,UDATETIME,RECOMMEND,PRODUCT_STATUS) values (145,'seller15',2030,'agricola34의 오리고기','아그리꼴라에서 추천하는 최고의 오리고기',11640,'강원 영월',to_date('25/10/27','RR/MM/DD'),to_date('25/10/27','RR/MM/DD'),'N','HIDDEN');
Insert into SYSTEM.PRODUCT (PRODUCT_NO,SELLER_ID,CATEGORY_NO,PNAME,PINFO,PRICE,ORIGIN,CDATETIME,UDATETIME,RECOMMEND,PRODUCT_STATUS) values (146,'seller15',2040,'agricola35의 양고기','아그리꼴라에서 추천하는 최고의 양고기',10590,'전북 고창',to_date('25/10/27','RR/MM/DD'),to_date('25/10/27','RR/MM/DD'),'N','SOLDOUT');
Insert into SYSTEM.PRODUCT (PRODUCT_NO,SELLER_ID,CATEGORY_NO,PNAME,PINFO,PRICE,ORIGIN,CDATETIME,UDATETIME,RECOMMEND,PRODUCT_STATUS) values (147,'seller15',2050,'맛있는 칠면조 고기','아그리꼴라에서 추천하는 최고의 칠면조고기',5900,'강원 평창',to_date('25/10/27','RR/MM/DD'),to_date('25/11/10','RR/MM/DD'),'N','SELLING');
Insert into SYSTEM.PRODUCT (PRODUCT_NO,SELLER_ID,CATEGORY_NO,PNAME,PINFO,PRICE,ORIGIN,CDATETIME,UDATETIME,RECOMMEND,PRODUCT_STATUS) values (148,'seller15',2060,'agricola37의 거위고기','아그리꼴라에서 추천하는 최고의 거위고기',56900,'충남 연기',to_date('25/10/27','RR/MM/DD'),to_date('25/10/27','RR/MM/DD'),'N','SELLING');
Insert into SYSTEM.PRODUCT (PRODUCT_NO,SELLER_ID,CATEGORY_NO,PNAME,PINFO,PRICE,ORIGIN,CDATETIME,UDATETIME,RECOMMEND,PRODUCT_STATUS) values (149,'seller15',2070,'agricola38의 계란','아그리꼴라에서 추천하는 최고의 계란',8390,'전남 해남',to_date('25/10/27','RR/MM/DD'),to_date('25/10/27','RR/MM/DD'),'N','SOLDOUT');
Insert into SYSTEM.PRODUCT (PRODUCT_NO,SELLER_ID,CATEGORY_NO,PNAME,PINFO,PRICE,ORIGIN,CDATETIME,UDATETIME,RECOMMEND,PRODUCT_STATUS) values (150,'seller15',2100,'agricola39의 돼지갈비','아그리꼴라에서 추천하는 최고의 돼지갈비',13900,'전북 정읍',to_date('25/10/27','RR/MM/DD'),to_date('25/10/27','RR/MM/DD'),'N','SOLDOUT');
Insert into SYSTEM.PRODUCT (PRODUCT_NO,SELLER_ID,CATEGORY_NO,PNAME,PINFO,PRICE,ORIGIN,CDATETIME,UDATETIME,RECOMMEND,PRODUCT_STATUS) values (151,'seller15',2110,'agricola40의 돈까스','아그리꼴라에서 추천하는 최고의 돈까스',18100,'경기 하남',to_date('25/10/27','RR/MM/DD'),to_date('25/10/27','RR/MM/DD'),'N','SOLDOUT');
Insert into SYSTEM.PRODUCT (PRODUCT_NO,SELLER_ID,CATEGORY_NO,PNAME,PINFO,PRICE,ORIGIN,CDATETIME,UDATETIME,RECOMMEND,PRODUCT_STATUS) values (152,'seller15',2120,'agricola41의 햄','아그리꼴라에서 추천하는 최고의 햄',11400,'충남 홍성',to_date('25/10/27','RR/MM/DD'),to_date('25/10/27','RR/MM/DD'),'N','SELLING');
Insert into SYSTEM.PRODUCT (PRODUCT_NO,SELLER_ID,CATEGORY_NO,PNAME,PINFO,PRICE,ORIGIN,CDATETIME,UDATETIME,RECOMMEND,PRODUCT_STATUS) values (153,'seller15',2130,'agricola42의 치즈','아그리꼴라에서 추천하는 최고의 치즈',11780,'경북 안동',to_date('25/10/27','RR/MM/DD'),to_date('25/10/27','RR/MM/DD'),'N','SOLDOUT');
Insert into SYSTEM.PRODUCT (PRODUCT_NO,SELLER_ID,CATEGORY_NO,PNAME,PINFO,PRICE,ORIGIN,CDATETIME,UDATETIME,RECOMMEND,PRODUCT_STATUS) values (154,'seller15',2140,'agricola43의 소시지','아그리꼴라에서 추천하는 최고의 소시지',17700,'전남 나주',to_date('25/10/27','RR/MM/DD'),to_date('25/10/27','RR/MM/DD'),'N','HIDDEN');
Insert into SYSTEM.PRODUCT (PRODUCT_NO,SELLER_ID,CATEGORY_NO,PNAME,PINFO,PRICE,ORIGIN,CDATETIME,UDATETIME,RECOMMEND,PRODUCT_STATUS) values (155,'seller15',2150,'agricola44의 깐메추리알','아그리꼴라에서 추천하는 최고의 깐메추리알',12480,'경기 시화',to_date('25/10/27','RR/MM/DD'),to_date('25/10/27','RR/MM/DD'),'N','SELLING');
Insert into SYSTEM.PRODUCT (PRODUCT_NO,SELLER_ID,CATEGORY_NO,PNAME,PINFO,PRICE,ORIGIN,CDATETIME,UDATETIME,RECOMMEND,PRODUCT_STATUS) values (156,'seller15',2160,'agricola45의 훈제계란','아그리꼴라에서 추천하는 최고의 훈제계란',10710,'충북 제천',to_date('25/10/27','RR/MM/DD'),to_date('25/10/27','RR/MM/DD'),'N','SOLDOUT');
Insert into SYSTEM.PRODUCT (PRODUCT_NO,SELLER_ID,CATEGORY_NO,PNAME,PINFO,PRICE,ORIGIN,CDATETIME,UDATETIME,RECOMMEND,PRODUCT_STATUS) values (157,'seller15',3000,'agricola46의 팽이버섯','아그리꼴라에서 추천하는 최고의 팽이버섯',1140,'충북 단양',to_date('25/10/27','RR/MM/DD'),to_date('25/10/27','RR/MM/DD'),'N','SOLDOUT');
Insert into SYSTEM.PRODUCT (PRODUCT_NO,SELLER_ID,CATEGORY_NO,PNAME,PINFO,PRICE,ORIGIN,CDATETIME,UDATETIME,RECOMMEND,PRODUCT_STATUS) values (158,'seller15',3010,'agricola47의 느타리버섯','아그리꼴라에서 추천하는 최고의 느타리버섯',1280,'전북 남원',to_date('25/10/27','RR/MM/DD'),to_date('25/10/27','RR/MM/DD'),'N','SELLING');
REM INSERTING into SYSTEM.PRODUCT_CATEGORY
SET DEFINE OFF;
Insert into SYSTEM.PRODUCT_CATEGORY (CATEGORY_NO,CATEGORY_NAME,PARENT_CATEGORY_NO) values (450,'갑각류',40);
Insert into SYSTEM.PRODUCT_CATEGORY (CATEGORY_NO,CATEGORY_NAME,PARENT_CATEGORY_NO) values (4500,'게',450);
Insert into SYSTEM.PRODUCT_CATEGORY (CATEGORY_NO,CATEGORY_NAME,PARENT_CATEGORY_NO) values (10,'농산물',null);
Insert into SYSTEM.PRODUCT_CATEGORY (CATEGORY_NO,CATEGORY_NAME,PARENT_CATEGORY_NO) values (100,'곡류',10);
Insert into SYSTEM.PRODUCT_CATEGORY (CATEGORY_NO,CATEGORY_NAME,PARENT_CATEGORY_NO) values (1000,'쌀',100);
Insert into SYSTEM.PRODUCT_CATEGORY (CATEGORY_NO,CATEGORY_NAME,PARENT_CATEGORY_NO) values (1010,'보리',100);
Insert into SYSTEM.PRODUCT_CATEGORY (CATEGORY_NO,CATEGORY_NAME,PARENT_CATEGORY_NO) values (1020,'수수',100);
Insert into SYSTEM.PRODUCT_CATEGORY (CATEGORY_NO,CATEGORY_NAME,PARENT_CATEGORY_NO) values (1030,'조',100);
Insert into SYSTEM.PRODUCT_CATEGORY (CATEGORY_NO,CATEGORY_NAME,PARENT_CATEGORY_NO) values (1040,'혼합5곡',100);
Insert into SYSTEM.PRODUCT_CATEGORY (CATEGORY_NO,CATEGORY_NAME,PARENT_CATEGORY_NO) values (110,'콩류',10);
Insert into SYSTEM.PRODUCT_CATEGORY (CATEGORY_NO,CATEGORY_NAME,PARENT_CATEGORY_NO) values (1100,'서리태',110);
Insert into SYSTEM.PRODUCT_CATEGORY (CATEGORY_NO,CATEGORY_NAME,PARENT_CATEGORY_NO) values (1110,'완두콩',110);
Insert into SYSTEM.PRODUCT_CATEGORY (CATEGORY_NO,CATEGORY_NAME,PARENT_CATEGORY_NO) values (1120,'적두',110);
Insert into SYSTEM.PRODUCT_CATEGORY (CATEGORY_NO,CATEGORY_NAME,PARENT_CATEGORY_NO) values (1130,'땅콩',110);
Insert into SYSTEM.PRODUCT_CATEGORY (CATEGORY_NO,CATEGORY_NAME,PARENT_CATEGORY_NO) values (1140,'병아리콩',110);
Insert into SYSTEM.PRODUCT_CATEGORY (CATEGORY_NO,CATEGORY_NAME,PARENT_CATEGORY_NO) values (120,'채소류',10);
Insert into SYSTEM.PRODUCT_CATEGORY (CATEGORY_NO,CATEGORY_NAME,PARENT_CATEGORY_NO) values (1200,'배추',120);
Insert into SYSTEM.PRODUCT_CATEGORY (CATEGORY_NO,CATEGORY_NAME,PARENT_CATEGORY_NO) values (1210,'고구마',120);
Insert into SYSTEM.PRODUCT_CATEGORY (CATEGORY_NO,CATEGORY_NAME,PARENT_CATEGORY_NO) values (1220,'시금치',120);
Insert into SYSTEM.PRODUCT_CATEGORY (CATEGORY_NO,CATEGORY_NAME,PARENT_CATEGORY_NO) values (1230,'무',120);
Insert into SYSTEM.PRODUCT_CATEGORY (CATEGORY_NO,CATEGORY_NAME,PARENT_CATEGORY_NO) values (1240,'감자',120);
Insert into SYSTEM.PRODUCT_CATEGORY (CATEGORY_NO,CATEGORY_NAME,PARENT_CATEGORY_NO) values (1250,'가지',120);
Insert into SYSTEM.PRODUCT_CATEGORY (CATEGORY_NO,CATEGORY_NAME,PARENT_CATEGORY_NO) values (1260,'양파',120);
Insert into SYSTEM.PRODUCT_CATEGORY (CATEGORY_NO,CATEGORY_NAME,PARENT_CATEGORY_NO) values (1270,'마늘',120);
Insert into SYSTEM.PRODUCT_CATEGORY (CATEGORY_NO,CATEGORY_NAME,PARENT_CATEGORY_NO) values (1280,'오이 ',120);
Insert into SYSTEM.PRODUCT_CATEGORY (CATEGORY_NO,CATEGORY_NAME,PARENT_CATEGORY_NO) values (1290,'고추',120);
Insert into SYSTEM.PRODUCT_CATEGORY (CATEGORY_NO,CATEGORY_NAME,PARENT_CATEGORY_NO) values (130,'과일류',10);
Insert into SYSTEM.PRODUCT_CATEGORY (CATEGORY_NO,CATEGORY_NAME,PARENT_CATEGORY_NO) values (1300,'사과',130);
Insert into SYSTEM.PRODUCT_CATEGORY (CATEGORY_NO,CATEGORY_NAME,PARENT_CATEGORY_NO) values (1310,'배',130);
Insert into SYSTEM.PRODUCT_CATEGORY (CATEGORY_NO,CATEGORY_NAME,PARENT_CATEGORY_NO) values (1320,'포도',130);
Insert into SYSTEM.PRODUCT_CATEGORY (CATEGORY_NO,CATEGORY_NAME,PARENT_CATEGORY_NO) values (1330,'바나나',130);
Insert into SYSTEM.PRODUCT_CATEGORY (CATEGORY_NO,CATEGORY_NAME,PARENT_CATEGORY_NO) values (1340,'감',130);
Insert into SYSTEM.PRODUCT_CATEGORY (CATEGORY_NO,CATEGORY_NAME,PARENT_CATEGORY_NO) values (140,'가공품',10);
Insert into SYSTEM.PRODUCT_CATEGORY (CATEGORY_NO,CATEGORY_NAME,PARENT_CATEGORY_NO) values (1400,'들기름',140);
Insert into SYSTEM.PRODUCT_CATEGORY (CATEGORY_NO,CATEGORY_NAME,PARENT_CATEGORY_NO) values (1410,'누룽지',140);
Insert into SYSTEM.PRODUCT_CATEGORY (CATEGORY_NO,CATEGORY_NAME,PARENT_CATEGORY_NO) values (1420,'모듬찰떡',140);
Insert into SYSTEM.PRODUCT_CATEGORY (CATEGORY_NO,CATEGORY_NAME,PARENT_CATEGORY_NO) values (1430,'고춧가루',140);
Insert into SYSTEM.PRODUCT_CATEGORY (CATEGORY_NO,CATEGORY_NAME,PARENT_CATEGORY_NO) values (1440,'미숫가루',140);
Insert into SYSTEM.PRODUCT_CATEGORY (CATEGORY_NO,CATEGORY_NAME,PARENT_CATEGORY_NO) values (20,'축산물',null);
Insert into SYSTEM.PRODUCT_CATEGORY (CATEGORY_NO,CATEGORY_NAME,PARENT_CATEGORY_NO) values (200,'고기류',20);
Insert into SYSTEM.PRODUCT_CATEGORY (CATEGORY_NO,CATEGORY_NAME,PARENT_CATEGORY_NO) values (2000,'소고기',200);
Insert into SYSTEM.PRODUCT_CATEGORY (CATEGORY_NO,CATEGORY_NAME,PARENT_CATEGORY_NO) values (2010,'돼지고기',200);
Insert into SYSTEM.PRODUCT_CATEGORY (CATEGORY_NO,CATEGORY_NAME,PARENT_CATEGORY_NO) values (2020,'닭고기',200);
Insert into SYSTEM.PRODUCT_CATEGORY (CATEGORY_NO,CATEGORY_NAME,PARENT_CATEGORY_NO) values (2030,'오리고기',200);
Insert into SYSTEM.PRODUCT_CATEGORY (CATEGORY_NO,CATEGORY_NAME,PARENT_CATEGORY_NO) values (2040,'양고기',200);
Insert into SYSTEM.PRODUCT_CATEGORY (CATEGORY_NO,CATEGORY_NAME,PARENT_CATEGORY_NO) values (2050,'칠면조고기',200);
Insert into SYSTEM.PRODUCT_CATEGORY (CATEGORY_NO,CATEGORY_NAME,PARENT_CATEGORY_NO) values (2060,'거위고기',200);
Insert into SYSTEM.PRODUCT_CATEGORY (CATEGORY_NO,CATEGORY_NAME,PARENT_CATEGORY_NO) values (2070,'계란',200);
Insert into SYSTEM.PRODUCT_CATEGORY (CATEGORY_NO,CATEGORY_NAME,PARENT_CATEGORY_NO) values (210,'가공품',20);
Insert into SYSTEM.PRODUCT_CATEGORY (CATEGORY_NO,CATEGORY_NAME,PARENT_CATEGORY_NO) values (2100,'돼지갈비',210);
Insert into SYSTEM.PRODUCT_CATEGORY (CATEGORY_NO,CATEGORY_NAME,PARENT_CATEGORY_NO) values (2110,'돈까스',210);
Insert into SYSTEM.PRODUCT_CATEGORY (CATEGORY_NO,CATEGORY_NAME,PARENT_CATEGORY_NO) values (2120,'햄',210);
Insert into SYSTEM.PRODUCT_CATEGORY (CATEGORY_NO,CATEGORY_NAME,PARENT_CATEGORY_NO) values (2130,'치즈',210);
Insert into SYSTEM.PRODUCT_CATEGORY (CATEGORY_NO,CATEGORY_NAME,PARENT_CATEGORY_NO) values (2140,'소시지',210);
Insert into SYSTEM.PRODUCT_CATEGORY (CATEGORY_NO,CATEGORY_NAME,PARENT_CATEGORY_NO) values (2150,'깐메추리알',210);
Insert into SYSTEM.PRODUCT_CATEGORY (CATEGORY_NO,CATEGORY_NAME,PARENT_CATEGORY_NO) values (2160,'훈제계란',210);
Insert into SYSTEM.PRODUCT_CATEGORY (CATEGORY_NO,CATEGORY_NAME,PARENT_CATEGORY_NO) values (30,'임산물',null);
Insert into SYSTEM.PRODUCT_CATEGORY (CATEGORY_NO,CATEGORY_NAME,PARENT_CATEGORY_NO) values (300,'버섯류',30);
Insert into SYSTEM.PRODUCT_CATEGORY (CATEGORY_NO,CATEGORY_NAME,PARENT_CATEGORY_NO) values (3000,'팽이버섯',300);
Insert into SYSTEM.PRODUCT_CATEGORY (CATEGORY_NO,CATEGORY_NAME,PARENT_CATEGORY_NO) values (3010,'느타리버섯',300);
Insert into SYSTEM.PRODUCT_CATEGORY (CATEGORY_NO,CATEGORY_NAME,PARENT_CATEGORY_NO) values (3020,'표고버섯',300);
Insert into SYSTEM.PRODUCT_CATEGORY (CATEGORY_NO,CATEGORY_NAME,PARENT_CATEGORY_NO) values (3030,'송이버섯',300);
Insert into SYSTEM.PRODUCT_CATEGORY (CATEGORY_NO,CATEGORY_NAME,PARENT_CATEGORY_NO) values (3040,'능이버섯',300);
Insert into SYSTEM.PRODUCT_CATEGORY (CATEGORY_NO,CATEGORY_NAME,PARENT_CATEGORY_NO) values (310,'꿀',30);
Insert into SYSTEM.PRODUCT_CATEGORY (CATEGORY_NO,CATEGORY_NAME,PARENT_CATEGORY_NO) values (3110,'아카시아꿀',310);
Insert into SYSTEM.PRODUCT_CATEGORY (CATEGORY_NO,CATEGORY_NAME,PARENT_CATEGORY_NO) values (3120,'밤꿀',310);
Insert into SYSTEM.PRODUCT_CATEGORY (CATEGORY_NO,CATEGORY_NAME,PARENT_CATEGORY_NO) values (3130,'잡화꿀',310);
Insert into SYSTEM.PRODUCT_CATEGORY (CATEGORY_NO,CATEGORY_NAME,PARENT_CATEGORY_NO) values (3140,'유채꿀',310);
Insert into SYSTEM.PRODUCT_CATEGORY (CATEGORY_NO,CATEGORY_NAME,PARENT_CATEGORY_NO) values (3150,'싸리꿀',310);
Insert into SYSTEM.PRODUCT_CATEGORY (CATEGORY_NO,CATEGORY_NAME,PARENT_CATEGORY_NO) values (320,'견과류',30);
Insert into SYSTEM.PRODUCT_CATEGORY (CATEGORY_NO,CATEGORY_NAME,PARENT_CATEGORY_NO) values (3200,'호두',320);
Insert into SYSTEM.PRODUCT_CATEGORY (CATEGORY_NO,CATEGORY_NAME,PARENT_CATEGORY_NO) values (3210,'밤',320);
Insert into SYSTEM.PRODUCT_CATEGORY (CATEGORY_NO,CATEGORY_NAME,PARENT_CATEGORY_NO) values (3220,'아몬드',320);
Insert into SYSTEM.PRODUCT_CATEGORY (CATEGORY_NO,CATEGORY_NAME,PARENT_CATEGORY_NO) values (3230,'은행',320);
Insert into SYSTEM.PRODUCT_CATEGORY (CATEGORY_NO,CATEGORY_NAME,PARENT_CATEGORY_NO) values (3240,'잣',320);
Insert into SYSTEM.PRODUCT_CATEGORY (CATEGORY_NO,CATEGORY_NAME,PARENT_CATEGORY_NO) values (330,'나물류',30);
Insert into SYSTEM.PRODUCT_CATEGORY (CATEGORY_NO,CATEGORY_NAME,PARENT_CATEGORY_NO) values (3300,'더덕',330);
Insert into SYSTEM.PRODUCT_CATEGORY (CATEGORY_NO,CATEGORY_NAME,PARENT_CATEGORY_NO) values (3310,'고사리',330);
Insert into SYSTEM.PRODUCT_CATEGORY (CATEGORY_NO,CATEGORY_NAME,PARENT_CATEGORY_NO) values (3320,'도라지',330);
Insert into SYSTEM.PRODUCT_CATEGORY (CATEGORY_NO,CATEGORY_NAME,PARENT_CATEGORY_NO) values (3330,'취나물',330);
Insert into SYSTEM.PRODUCT_CATEGORY (CATEGORY_NO,CATEGORY_NAME,PARENT_CATEGORY_NO) values (340,'약초류',30);
Insert into SYSTEM.PRODUCT_CATEGORY (CATEGORY_NO,CATEGORY_NAME,PARENT_CATEGORY_NO) values (3340,'두릅',340);
Insert into SYSTEM.PRODUCT_CATEGORY (CATEGORY_NO,CATEGORY_NAME,PARENT_CATEGORY_NO) values (3400,'참쑥',340);
Insert into SYSTEM.PRODUCT_CATEGORY (CATEGORY_NO,CATEGORY_NAME,PARENT_CATEGORY_NO) values (3410,'천마',340);
Insert into SYSTEM.PRODUCT_CATEGORY (CATEGORY_NO,CATEGORY_NAME,PARENT_CATEGORY_NO) values (3420,'산양삼',340);
Insert into SYSTEM.PRODUCT_CATEGORY (CATEGORY_NO,CATEGORY_NAME,PARENT_CATEGORY_NO) values (3430,'구절초',340);
Insert into SYSTEM.PRODUCT_CATEGORY (CATEGORY_NO,CATEGORY_NAME,PARENT_CATEGORY_NO) values (3440,'하수오',340);
Insert into SYSTEM.PRODUCT_CATEGORY (CATEGORY_NO,CATEGORY_NAME,PARENT_CATEGORY_NO) values (350,'가공품',30);
Insert into SYSTEM.PRODUCT_CATEGORY (CATEGORY_NO,CATEGORY_NAME,PARENT_CATEGORY_NO) values (3500,'건고사리',350);
Insert into SYSTEM.PRODUCT_CATEGORY (CATEGORY_NO,CATEGORY_NAME,PARENT_CATEGORY_NO) values (3510,'건표고버섯',350);
Insert into SYSTEM.PRODUCT_CATEGORY (CATEGORY_NO,CATEGORY_NAME,PARENT_CATEGORY_NO) values (3520,'곶감',350);
Insert into SYSTEM.PRODUCT_CATEGORY (CATEGORY_NO,CATEGORY_NAME,PARENT_CATEGORY_NO) values (3530,'홍삼',350);
Insert into SYSTEM.PRODUCT_CATEGORY (CATEGORY_NO,CATEGORY_NAME,PARENT_CATEGORY_NO) values (3540,'고로쇠물',350);
Insert into SYSTEM.PRODUCT_CATEGORY (CATEGORY_NO,CATEGORY_NAME,PARENT_CATEGORY_NO) values (40,'수산물',null);
Insert into SYSTEM.PRODUCT_CATEGORY (CATEGORY_NO,CATEGORY_NAME,PARENT_CATEGORY_NO) values (400,'어류',40);
Insert into SYSTEM.PRODUCT_CATEGORY (CATEGORY_NO,CATEGORY_NAME,PARENT_CATEGORY_NO) values (4000,'우럭',400);
Insert into SYSTEM.PRODUCT_CATEGORY (CATEGORY_NO,CATEGORY_NAME,PARENT_CATEGORY_NO) values (4010,'광어',400);
Insert into SYSTEM.PRODUCT_CATEGORY (CATEGORY_NO,CATEGORY_NAME,PARENT_CATEGORY_NO) values (4020,'장어',400);
Insert into SYSTEM.PRODUCT_CATEGORY (CATEGORY_NO,CATEGORY_NAME,PARENT_CATEGORY_NO) values (4030,'갈치',400);
Insert into SYSTEM.PRODUCT_CATEGORY (CATEGORY_NO,CATEGORY_NAME,PARENT_CATEGORY_NO) values (4040,'옥돔',400);
Insert into SYSTEM.PRODUCT_CATEGORY (CATEGORY_NO,CATEGORY_NAME,PARENT_CATEGORY_NO) values (410,'두족류',40);
Insert into SYSTEM.PRODUCT_CATEGORY (CATEGORY_NO,CATEGORY_NAME,PARENT_CATEGORY_NO) values (4100,'오징어',410);
Insert into SYSTEM.PRODUCT_CATEGORY (CATEGORY_NO,CATEGORY_NAME,PARENT_CATEGORY_NO) values (4110,'문어',410);
Insert into SYSTEM.PRODUCT_CATEGORY (CATEGORY_NO,CATEGORY_NAME,PARENT_CATEGORY_NO) values (4120,'갑오징어',410);
Insert into SYSTEM.PRODUCT_CATEGORY (CATEGORY_NO,CATEGORY_NAME,PARENT_CATEGORY_NO) values (4130,'주꾸미',410);
Insert into SYSTEM.PRODUCT_CATEGORY (CATEGORY_NO,CATEGORY_NAME,PARENT_CATEGORY_NO) values (4140,'낙지',410);
Insert into SYSTEM.PRODUCT_CATEGORY (CATEGORY_NO,CATEGORY_NAME,PARENT_CATEGORY_NO) values (420,'조개류',40);
Insert into SYSTEM.PRODUCT_CATEGORY (CATEGORY_NO,CATEGORY_NAME,PARENT_CATEGORY_NO) values (4200,'전복',420);
Insert into SYSTEM.PRODUCT_CATEGORY (CATEGORY_NO,CATEGORY_NAME,PARENT_CATEGORY_NO) values (4210,'바지락',420);
Insert into SYSTEM.PRODUCT_CATEGORY (CATEGORY_NO,CATEGORY_NAME,PARENT_CATEGORY_NO) values (4220,'가리비',420);
Insert into SYSTEM.PRODUCT_CATEGORY (CATEGORY_NO,CATEGORY_NAME,PARENT_CATEGORY_NO) values (4230,'홍합',420);
Insert into SYSTEM.PRODUCT_CATEGORY (CATEGORY_NO,CATEGORY_NAME,PARENT_CATEGORY_NO) values (4240,'굴',420);
Insert into SYSTEM.PRODUCT_CATEGORY (CATEGORY_NO,CATEGORY_NAME,PARENT_CATEGORY_NO) values (430,'해초류',40);
Insert into SYSTEM.PRODUCT_CATEGORY (CATEGORY_NO,CATEGORY_NAME,PARENT_CATEGORY_NO) values (4300,'김',430);
Insert into SYSTEM.PRODUCT_CATEGORY (CATEGORY_NO,CATEGORY_NAME,PARENT_CATEGORY_NO) values (4310,'미역',430);
Insert into SYSTEM.PRODUCT_CATEGORY (CATEGORY_NO,CATEGORY_NAME,PARENT_CATEGORY_NO) values (4320,'다시마',430);
Insert into SYSTEM.PRODUCT_CATEGORY (CATEGORY_NO,CATEGORY_NAME,PARENT_CATEGORY_NO) values (4330,'우뭇가사리',430);
Insert into SYSTEM.PRODUCT_CATEGORY (CATEGORY_NO,CATEGORY_NAME,PARENT_CATEGORY_NO) values (4340,'파래',430);
Insert into SYSTEM.PRODUCT_CATEGORY (CATEGORY_NO,CATEGORY_NAME,PARENT_CATEGORY_NO) values (440,'가공품',40);
Insert into SYSTEM.PRODUCT_CATEGORY (CATEGORY_NO,CATEGORY_NAME,PARENT_CATEGORY_NO) values (4400,'새우젓',440);
Insert into SYSTEM.PRODUCT_CATEGORY (CATEGORY_NO,CATEGORY_NAME,PARENT_CATEGORY_NO) values (4410,'모듬회',440);
Insert into SYSTEM.PRODUCT_CATEGORY (CATEGORY_NO,CATEGORY_NAME,PARENT_CATEGORY_NO) values (4420,'자반고등어',440);
Insert into SYSTEM.PRODUCT_CATEGORY (CATEGORY_NO,CATEGORY_NAME,PARENT_CATEGORY_NO) values (4430,'과메기',440);
Insert into SYSTEM.PRODUCT_CATEGORY (CATEGORY_NO,CATEGORY_NAME,PARENT_CATEGORY_NO) values (4440,'굴비',440);
REM INSERTING into SYSTEM.PRODUCT_IMAGE
SET DEFINE OFF;
Insert into SYSTEM.PRODUCT_IMAGE (IMAGE_ID,PRODUCT_NO,IS_THUMBNAIL,SORT_ORDER) values (110,232,'Y',null);
Insert into SYSTEM.PRODUCT_IMAGE (IMAGE_ID,PRODUCT_NO,IS_THUMBNAIL,SORT_ORDER) values (112,234,'Y',null);
Insert into SYSTEM.PRODUCT_IMAGE (IMAGE_ID,PRODUCT_NO,IS_THUMBNAIL,SORT_ORDER) values (117,236,'Y',null);
Insert into SYSTEM.PRODUCT_IMAGE (IMAGE_ID,PRODUCT_NO,IS_THUMBNAIL,SORT_ORDER) values (118,236,'A',null);
Insert into SYSTEM.PRODUCT_IMAGE (IMAGE_ID,PRODUCT_NO,IS_THUMBNAIL,SORT_ORDER) values (119,236,'A',null);
Insert into SYSTEM.PRODUCT_IMAGE (IMAGE_ID,PRODUCT_NO,IS_THUMBNAIL,SORT_ORDER) values (105,227,'Y',null);
Insert into SYSTEM.PRODUCT_IMAGE (IMAGE_ID,PRODUCT_NO,IS_THUMBNAIL,SORT_ORDER) values (120,236,'A',null);
Insert into SYSTEM.PRODUCT_IMAGE (IMAGE_ID,PRODUCT_NO,IS_THUMBNAIL,SORT_ORDER) values (121,236,'A',null);
Insert into SYSTEM.PRODUCT_IMAGE (IMAGE_ID,PRODUCT_NO,IS_THUMBNAIL,SORT_ORDER) values (138,239,'N',null);
Insert into SYSTEM.PRODUCT_IMAGE (IMAGE_ID,PRODUCT_NO,IS_THUMBNAIL,SORT_ORDER) values (139,240,'Y',null);
Insert into SYSTEM.PRODUCT_IMAGE (IMAGE_ID,PRODUCT_NO,IS_THUMBNAIL,SORT_ORDER) values (140,240,'A',null);
Insert into SYSTEM.PRODUCT_IMAGE (IMAGE_ID,PRODUCT_NO,IS_THUMBNAIL,SORT_ORDER) values (141,240,'A',null);
Insert into SYSTEM.PRODUCT_IMAGE (IMAGE_ID,PRODUCT_NO,IS_THUMBNAIL,SORT_ORDER) values (136,239,'N',null);
Insert into SYSTEM.PRODUCT_IMAGE (IMAGE_ID,PRODUCT_NO,IS_THUMBNAIL,SORT_ORDER) values (137,239,'N',null);
Insert into SYSTEM.PRODUCT_IMAGE (IMAGE_ID,PRODUCT_NO,IS_THUMBNAIL,SORT_ORDER) values (156,231,'Y',null);
Insert into SYSTEM.PRODUCT_IMAGE (IMAGE_ID,PRODUCT_NO,IS_THUMBNAIL,SORT_ORDER) values (157,231,'A',null);
Insert into SYSTEM.PRODUCT_IMAGE (IMAGE_ID,PRODUCT_NO,IS_THUMBNAIL,SORT_ORDER) values (158,231,'N',null);
Insert into SYSTEM.PRODUCT_IMAGE (IMAGE_ID,PRODUCT_NO,IS_THUMBNAIL,SORT_ORDER) values (159,231,'N',null);
Insert into SYSTEM.PRODUCT_IMAGE (IMAGE_ID,PRODUCT_NO,IS_THUMBNAIL,SORT_ORDER) values (188,248,'N',null);
Insert into SYSTEM.PRODUCT_IMAGE (IMAGE_ID,PRODUCT_NO,IS_THUMBNAIL,SORT_ORDER) values (30,220,'A',null);
Insert into SYSTEM.PRODUCT_IMAGE (IMAGE_ID,PRODUCT_NO,IS_THUMBNAIL,SORT_ORDER) values (31,220,'N',null);
Insert into SYSTEM.PRODUCT_IMAGE (IMAGE_ID,PRODUCT_NO,IS_THUMBNAIL,SORT_ORDER) values (32,220,'N',null);
Insert into SYSTEM.PRODUCT_IMAGE (IMAGE_ID,PRODUCT_NO,IS_THUMBNAIL,SORT_ORDER) values (33,220,'N',null);
Insert into SYSTEM.PRODUCT_IMAGE (IMAGE_ID,PRODUCT_NO,IS_THUMBNAIL,SORT_ORDER) values (34,220,'N',null);
Insert into SYSTEM.PRODUCT_IMAGE (IMAGE_ID,PRODUCT_NO,IS_THUMBNAIL,SORT_ORDER) values (28,220,'Y',null);
Insert into SYSTEM.PRODUCT_IMAGE (IMAGE_ID,PRODUCT_NO,IS_THUMBNAIL,SORT_ORDER) values (29,220,'A',null);
Insert into SYSTEM.PRODUCT_IMAGE (IMAGE_ID,PRODUCT_NO,IS_THUMBNAIL,SORT_ORDER) values (35,220,'N',null);
Insert into SYSTEM.PRODUCT_IMAGE (IMAGE_ID,PRODUCT_NO,IS_THUMBNAIL,SORT_ORDER) values (36,220,'N',null);
Insert into SYSTEM.PRODUCT_IMAGE (IMAGE_ID,PRODUCT_NO,IS_THUMBNAIL,SORT_ORDER) values (37,220,'N',null);
Insert into SYSTEM.PRODUCT_IMAGE (IMAGE_ID,PRODUCT_NO,IS_THUMBNAIL,SORT_ORDER) values (38,220,'N',null);
Insert into SYSTEM.PRODUCT_IMAGE (IMAGE_ID,PRODUCT_NO,IS_THUMBNAIL,SORT_ORDER) values (39,220,'N',null);
Insert into SYSTEM.PRODUCT_IMAGE (IMAGE_ID,PRODUCT_NO,IS_THUMBNAIL,SORT_ORDER) values (40,220,'N',null);
Insert into SYSTEM.PRODUCT_IMAGE (IMAGE_ID,PRODUCT_NO,IS_THUMBNAIL,SORT_ORDER) values (41,220,'N',null);
Insert into SYSTEM.PRODUCT_IMAGE (IMAGE_ID,PRODUCT_NO,IS_THUMBNAIL,SORT_ORDER) values (42,220,'N',null);
Insert into SYSTEM.PRODUCT_IMAGE (IMAGE_ID,PRODUCT_NO,IS_THUMBNAIL,SORT_ORDER) values (43,220,'N',null);
Insert into SYSTEM.PRODUCT_IMAGE (IMAGE_ID,PRODUCT_NO,IS_THUMBNAIL,SORT_ORDER) values (44,220,'N',null);
Insert into SYSTEM.PRODUCT_IMAGE (IMAGE_ID,PRODUCT_NO,IS_THUMBNAIL,SORT_ORDER) values (45,220,'N',null);
Insert into SYSTEM.PRODUCT_IMAGE (IMAGE_ID,PRODUCT_NO,IS_THUMBNAIL,SORT_ORDER) values (46,220,'N',null);
Insert into SYSTEM.PRODUCT_IMAGE (IMAGE_ID,PRODUCT_NO,IS_THUMBNAIL,SORT_ORDER) values (47,220,'N',null);
Insert into SYSTEM.PRODUCT_IMAGE (IMAGE_ID,PRODUCT_NO,IS_THUMBNAIL,SORT_ORDER) values (48,220,'N',null);
Insert into SYSTEM.PRODUCT_IMAGE (IMAGE_ID,PRODUCT_NO,IS_THUMBNAIL,SORT_ORDER) values (49,220,'N',null);
Insert into SYSTEM.PRODUCT_IMAGE (IMAGE_ID,PRODUCT_NO,IS_THUMBNAIL,SORT_ORDER) values (50,220,'N',null);
Insert into SYSTEM.PRODUCT_IMAGE (IMAGE_ID,PRODUCT_NO,IS_THUMBNAIL,SORT_ORDER) values (51,220,'N',null);
Insert into SYSTEM.PRODUCT_IMAGE (IMAGE_ID,PRODUCT_NO,IS_THUMBNAIL,SORT_ORDER) values (52,220,'N',null);
Insert into SYSTEM.PRODUCT_IMAGE (IMAGE_ID,PRODUCT_NO,IS_THUMBNAIL,SORT_ORDER) values (53,220,'N',null);
Insert into SYSTEM.PRODUCT_IMAGE (IMAGE_ID,PRODUCT_NO,IS_THUMBNAIL,SORT_ORDER) values (111,233,'Y',null);
Insert into SYSTEM.PRODUCT_IMAGE (IMAGE_ID,PRODUCT_NO,IS_THUMBNAIL,SORT_ORDER) values (122,237,'Y',null);
Insert into SYSTEM.PRODUCT_IMAGE (IMAGE_ID,PRODUCT_NO,IS_THUMBNAIL,SORT_ORDER) values (123,237,'A',null);
Insert into SYSTEM.PRODUCT_IMAGE (IMAGE_ID,PRODUCT_NO,IS_THUMBNAIL,SORT_ORDER) values (142,240,'N',null);
Insert into SYSTEM.PRODUCT_IMAGE (IMAGE_ID,PRODUCT_NO,IS_THUMBNAIL,SORT_ORDER) values (143,240,'N',null);
Insert into SYSTEM.PRODUCT_IMAGE (IMAGE_ID,PRODUCT_NO,IS_THUMBNAIL,SORT_ORDER) values (144,240,'N',null);
Insert into SYSTEM.PRODUCT_IMAGE (IMAGE_ID,PRODUCT_NO,IS_THUMBNAIL,SORT_ORDER) values (145,240,'N',null);
Insert into SYSTEM.PRODUCT_IMAGE (IMAGE_ID,PRODUCT_NO,IS_THUMBNAIL,SORT_ORDER) values (146,241,'Y',null);
Insert into SYSTEM.PRODUCT_IMAGE (IMAGE_ID,PRODUCT_NO,IS_THUMBNAIL,SORT_ORDER) values (147,241,'A',null);
Insert into SYSTEM.PRODUCT_IMAGE (IMAGE_ID,PRODUCT_NO,IS_THUMBNAIL,SORT_ORDER) values (106,228,'Y',null);
Insert into SYSTEM.PRODUCT_IMAGE (IMAGE_ID,PRODUCT_NO,IS_THUMBNAIL,SORT_ORDER) values (174,244,'Y',null);
Insert into SYSTEM.PRODUCT_IMAGE (IMAGE_ID,PRODUCT_NO,IS_THUMBNAIL,SORT_ORDER) values (150,242,'N',null);
Insert into SYSTEM.PRODUCT_IMAGE (IMAGE_ID,PRODUCT_NO,IS_THUMBNAIL,SORT_ORDER) values (55,221,'Y',null);
Insert into SYSTEM.PRODUCT_IMAGE (IMAGE_ID,PRODUCT_NO,IS_THUMBNAIL,SORT_ORDER) values (56,221,'N',null);
Insert into SYSTEM.PRODUCT_IMAGE (IMAGE_ID,PRODUCT_NO,IS_THUMBNAIL,SORT_ORDER) values (57,221,'N',null);
Insert into SYSTEM.PRODUCT_IMAGE (IMAGE_ID,PRODUCT_NO,IS_THUMBNAIL,SORT_ORDER) values (58,221,'N',null);
Insert into SYSTEM.PRODUCT_IMAGE (IMAGE_ID,PRODUCT_NO,IS_THUMBNAIL,SORT_ORDER) values (59,221,'N',null);
Insert into SYSTEM.PRODUCT_IMAGE (IMAGE_ID,PRODUCT_NO,IS_THUMBNAIL,SORT_ORDER) values (60,222,'A',null);
Insert into SYSTEM.PRODUCT_IMAGE (IMAGE_ID,PRODUCT_NO,IS_THUMBNAIL,SORT_ORDER) values (61,222,'A',null);
Insert into SYSTEM.PRODUCT_IMAGE (IMAGE_ID,PRODUCT_NO,IS_THUMBNAIL,SORT_ORDER) values (62,222,'N',null);
Insert into SYSTEM.PRODUCT_IMAGE (IMAGE_ID,PRODUCT_NO,IS_THUMBNAIL,SORT_ORDER) values (175,244,'A',null);
Insert into SYSTEM.PRODUCT_IMAGE (IMAGE_ID,PRODUCT_NO,IS_THUMBNAIL,SORT_ORDER) values (177,245,'Y',null);
Insert into SYSTEM.PRODUCT_IMAGE (IMAGE_ID,PRODUCT_NO,IS_THUMBNAIL,SORT_ORDER) values (178,245,'A',null);
Insert into SYSTEM.PRODUCT_IMAGE (IMAGE_ID,PRODUCT_NO,IS_THUMBNAIL,SORT_ORDER) values (179,245,'N',null);
Insert into SYSTEM.PRODUCT_IMAGE (IMAGE_ID,PRODUCT_NO,IS_THUMBNAIL,SORT_ORDER) values (183,247,'Y',null);
Insert into SYSTEM.PRODUCT_IMAGE (IMAGE_ID,PRODUCT_NO,IS_THUMBNAIL,SORT_ORDER) values (81,224,'Y',null);
Insert into SYSTEM.PRODUCT_IMAGE (IMAGE_ID,PRODUCT_NO,IS_THUMBNAIL,SORT_ORDER) values (82,224,'A',null);
Insert into SYSTEM.PRODUCT_IMAGE (IMAGE_ID,PRODUCT_NO,IS_THUMBNAIL,SORT_ORDER) values (83,224,'A',null);
Insert into SYSTEM.PRODUCT_IMAGE (IMAGE_ID,PRODUCT_NO,IS_THUMBNAIL,SORT_ORDER) values (84,224,'N',null);
Insert into SYSTEM.PRODUCT_IMAGE (IMAGE_ID,PRODUCT_NO,IS_THUMBNAIL,SORT_ORDER) values (85,224,'N',null);
Insert into SYSTEM.PRODUCT_IMAGE (IMAGE_ID,PRODUCT_NO,IS_THUMBNAIL,SORT_ORDER) values (86,224,'N',null);
Insert into SYSTEM.PRODUCT_IMAGE (IMAGE_ID,PRODUCT_NO,IS_THUMBNAIL,SORT_ORDER) values (87,224,'N',null);
Insert into SYSTEM.PRODUCT_IMAGE (IMAGE_ID,PRODUCT_NO,IS_THUMBNAIL,SORT_ORDER) values (95,226,'Y',null);
Insert into SYSTEM.PRODUCT_IMAGE (IMAGE_ID,PRODUCT_NO,IS_THUMBNAIL,SORT_ORDER) values (96,226,'A',null);
Insert into SYSTEM.PRODUCT_IMAGE (IMAGE_ID,PRODUCT_NO,IS_THUMBNAIL,SORT_ORDER) values (97,226,'A',null);
Insert into SYSTEM.PRODUCT_IMAGE (IMAGE_ID,PRODUCT_NO,IS_THUMBNAIL,SORT_ORDER) values (98,226,'A',null);
Insert into SYSTEM.PRODUCT_IMAGE (IMAGE_ID,PRODUCT_NO,IS_THUMBNAIL,SORT_ORDER) values (104,112,'Y',null);
Insert into SYSTEM.PRODUCT_IMAGE (IMAGE_ID,PRODUCT_NO,IS_THUMBNAIL,SORT_ORDER) values (107,229,'Y',null);
Insert into SYSTEM.PRODUCT_IMAGE (IMAGE_ID,PRODUCT_NO,IS_THUMBNAIL,SORT_ORDER) values (108,230,'Y',null);
Insert into SYSTEM.PRODUCT_IMAGE (IMAGE_ID,PRODUCT_NO,IS_THUMBNAIL,SORT_ORDER) values (109,231,'N',null);
Insert into SYSTEM.PRODUCT_IMAGE (IMAGE_ID,PRODUCT_NO,IS_THUMBNAIL,SORT_ORDER) values (114,213,'Y',null);
Insert into SYSTEM.PRODUCT_IMAGE (IMAGE_ID,PRODUCT_NO,IS_THUMBNAIL,SORT_ORDER) values (115,212,'Y',null);
Insert into SYSTEM.PRODUCT_IMAGE (IMAGE_ID,PRODUCT_NO,IS_THUMBNAIL,SORT_ORDER) values (116,214,'Y',null);
Insert into SYSTEM.PRODUCT_IMAGE (IMAGE_ID,PRODUCT_NO,IS_THUMBNAIL,SORT_ORDER) values (124,237,'N',null);
Insert into SYSTEM.PRODUCT_IMAGE (IMAGE_ID,PRODUCT_NO,IS_THUMBNAIL,SORT_ORDER) values (148,241,'N',null);
Insert into SYSTEM.PRODUCT_IMAGE (IMAGE_ID,PRODUCT_NO,IS_THUMBNAIL,SORT_ORDER) values (151,242,'N',null);
Insert into SYSTEM.PRODUCT_IMAGE (IMAGE_ID,PRODUCT_NO,IS_THUMBNAIL,SORT_ORDER) values (160,147,'Y',null);
Insert into SYSTEM.PRODUCT_IMAGE (IMAGE_ID,PRODUCT_NO,IS_THUMBNAIL,SORT_ORDER) values (161,147,'A',null);
Insert into SYSTEM.PRODUCT_IMAGE (IMAGE_ID,PRODUCT_NO,IS_THUMBNAIL,SORT_ORDER) values (162,243,'N',null);
Insert into SYSTEM.PRODUCT_IMAGE (IMAGE_ID,PRODUCT_NO,IS_THUMBNAIL,SORT_ORDER) values (163,243,'N',null);
Insert into SYSTEM.PRODUCT_IMAGE (IMAGE_ID,PRODUCT_NO,IS_THUMBNAIL,SORT_ORDER) values (164,243,'N',null);
Insert into SYSTEM.PRODUCT_IMAGE (IMAGE_ID,PRODUCT_NO,IS_THUMBNAIL,SORT_ORDER) values (23,219,'A',null);
Insert into SYSTEM.PRODUCT_IMAGE (IMAGE_ID,PRODUCT_NO,IS_THUMBNAIL,SORT_ORDER) values (24,219,'N',null);
Insert into SYSTEM.PRODUCT_IMAGE (IMAGE_ID,PRODUCT_NO,IS_THUMBNAIL,SORT_ORDER) values (25,219,'N',null);
Insert into SYSTEM.PRODUCT_IMAGE (IMAGE_ID,PRODUCT_NO,IS_THUMBNAIL,SORT_ORDER) values (26,219,'N',null);
Insert into SYSTEM.PRODUCT_IMAGE (IMAGE_ID,PRODUCT_NO,IS_THUMBNAIL,SORT_ORDER) values (27,219,'N',null);
Insert into SYSTEM.PRODUCT_IMAGE (IMAGE_ID,PRODUCT_NO,IS_THUMBNAIL,SORT_ORDER) values (91,225,'N',null);
Insert into SYSTEM.PRODUCT_IMAGE (IMAGE_ID,PRODUCT_NO,IS_THUMBNAIL,SORT_ORDER) values (92,225,'N',null);
Insert into SYSTEM.PRODUCT_IMAGE (IMAGE_ID,PRODUCT_NO,IS_THUMBNAIL,SORT_ORDER) values (21,219,'Y',null);
Insert into SYSTEM.PRODUCT_IMAGE (IMAGE_ID,PRODUCT_NO,IS_THUMBNAIL,SORT_ORDER) values (22,219,'A',null);
Insert into SYSTEM.PRODUCT_IMAGE (IMAGE_ID,PRODUCT_NO,IS_THUMBNAIL,SORT_ORDER) values (93,225,'N',null);
Insert into SYSTEM.PRODUCT_IMAGE (IMAGE_ID,PRODUCT_NO,IS_THUMBNAIL,SORT_ORDER) values (94,225,'N',null);
Insert into SYSTEM.PRODUCT_IMAGE (IMAGE_ID,PRODUCT_NO,IS_THUMBNAIL,SORT_ORDER) values (113,235,'Y',null);
Insert into SYSTEM.PRODUCT_IMAGE (IMAGE_ID,PRODUCT_NO,IS_THUMBNAIL,SORT_ORDER) values (152,243,'Y',null);
Insert into SYSTEM.PRODUCT_IMAGE (IMAGE_ID,PRODUCT_NO,IS_THUMBNAIL,SORT_ORDER) values (153,243,'A',null);
Insert into SYSTEM.PRODUCT_IMAGE (IMAGE_ID,PRODUCT_NO,IS_THUMBNAIL,SORT_ORDER) values (154,243,'N',null);
Insert into SYSTEM.PRODUCT_IMAGE (IMAGE_ID,PRODUCT_NO,IS_THUMBNAIL,SORT_ORDER) values (165,223,'Y',null);
Insert into SYSTEM.PRODUCT_IMAGE (IMAGE_ID,PRODUCT_NO,IS_THUMBNAIL,SORT_ORDER) values (166,223,'A',null);
Insert into SYSTEM.PRODUCT_IMAGE (IMAGE_ID,PRODUCT_NO,IS_THUMBNAIL,SORT_ORDER) values (167,223,'A',null);
Insert into SYSTEM.PRODUCT_IMAGE (IMAGE_ID,PRODUCT_NO,IS_THUMBNAIL,SORT_ORDER) values (168,223,'N',null);
Insert into SYSTEM.PRODUCT_IMAGE (IMAGE_ID,PRODUCT_NO,IS_THUMBNAIL,SORT_ORDER) values (169,223,'N',null);
Insert into SYSTEM.PRODUCT_IMAGE (IMAGE_ID,PRODUCT_NO,IS_THUMBNAIL,SORT_ORDER) values (170,223,'N',null);
Insert into SYSTEM.PRODUCT_IMAGE (IMAGE_ID,PRODUCT_NO,IS_THUMBNAIL,SORT_ORDER) values (171,223,'N',null);
Insert into SYSTEM.PRODUCT_IMAGE (IMAGE_ID,PRODUCT_NO,IS_THUMBNAIL,SORT_ORDER) values (172,223,'N',null);
Insert into SYSTEM.PRODUCT_IMAGE (IMAGE_ID,PRODUCT_NO,IS_THUMBNAIL,SORT_ORDER) values (173,223,'N',null);
Insert into SYSTEM.PRODUCT_IMAGE (IMAGE_ID,PRODUCT_NO,IS_THUMBNAIL,SORT_ORDER) values (182,246,'N',null);
Insert into SYSTEM.PRODUCT_IMAGE (IMAGE_ID,PRODUCT_NO,IS_THUMBNAIL,SORT_ORDER) values (184,247,'A',null);
Insert into SYSTEM.PRODUCT_IMAGE (IMAGE_ID,PRODUCT_NO,IS_THUMBNAIL,SORT_ORDER) values (185,247,'N',null);
Insert into SYSTEM.PRODUCT_IMAGE (IMAGE_ID,PRODUCT_NO,IS_THUMBNAIL,SORT_ORDER) values (191,249,'N',null);
Insert into SYSTEM.PRODUCT_IMAGE (IMAGE_ID,PRODUCT_NO,IS_THUMBNAIL,SORT_ORDER) values (194,250,'N',null);
Insert into SYSTEM.PRODUCT_IMAGE (IMAGE_ID,PRODUCT_NO,IS_THUMBNAIL,SORT_ORDER) values (195,251,'Y',null);
Insert into SYSTEM.PRODUCT_IMAGE (IMAGE_ID,PRODUCT_NO,IS_THUMBNAIL,SORT_ORDER) values (196,251,'A',null);
Insert into SYSTEM.PRODUCT_IMAGE (IMAGE_ID,PRODUCT_NO,IS_THUMBNAIL,SORT_ORDER) values (197,251,'N',null);
Insert into SYSTEM.PRODUCT_IMAGE (IMAGE_ID,PRODUCT_NO,IS_THUMBNAIL,SORT_ORDER) values (65,222,'N',null);
Insert into SYSTEM.PRODUCT_IMAGE (IMAGE_ID,PRODUCT_NO,IS_THUMBNAIL,SORT_ORDER) values (66,222,'N',null);
Insert into SYSTEM.PRODUCT_IMAGE (IMAGE_ID,PRODUCT_NO,IS_THUMBNAIL,SORT_ORDER) values (88,225,'Y',null);
Insert into SYSTEM.PRODUCT_IMAGE (IMAGE_ID,PRODUCT_NO,IS_THUMBNAIL,SORT_ORDER) values (63,222,'N',null);
Insert into SYSTEM.PRODUCT_IMAGE (IMAGE_ID,PRODUCT_NO,IS_THUMBNAIL,SORT_ORDER) values (64,222,'Y',null);
Insert into SYSTEM.PRODUCT_IMAGE (IMAGE_ID,PRODUCT_NO,IS_THUMBNAIL,SORT_ORDER) values (89,225,'A',null);
Insert into SYSTEM.PRODUCT_IMAGE (IMAGE_ID,PRODUCT_NO,IS_THUMBNAIL,SORT_ORDER) values (90,225,'A',null);
Insert into SYSTEM.PRODUCT_IMAGE (IMAGE_ID,PRODUCT_NO,IS_THUMBNAIL,SORT_ORDER) values (99,226,'N',null);
Insert into SYSTEM.PRODUCT_IMAGE (IMAGE_ID,PRODUCT_NO,IS_THUMBNAIL,SORT_ORDER) values (100,226,'N',null);
Insert into SYSTEM.PRODUCT_IMAGE (IMAGE_ID,PRODUCT_NO,IS_THUMBNAIL,SORT_ORDER) values (101,226,'N',null);
Insert into SYSTEM.PRODUCT_IMAGE (IMAGE_ID,PRODUCT_NO,IS_THUMBNAIL,SORT_ORDER) values (102,226,'N',null);
Insert into SYSTEM.PRODUCT_IMAGE (IMAGE_ID,PRODUCT_NO,IS_THUMBNAIL,SORT_ORDER) values (135,239,'A',null);
Insert into SYSTEM.PRODUCT_IMAGE (IMAGE_ID,PRODUCT_NO,IS_THUMBNAIL,SORT_ORDER) values (155,242,'Y',null);
Insert into SYSTEM.PRODUCT_IMAGE (IMAGE_ID,PRODUCT_NO,IS_THUMBNAIL,SORT_ORDER) values (176,244,'N',null);
Insert into SYSTEM.PRODUCT_IMAGE (IMAGE_ID,PRODUCT_NO,IS_THUMBNAIL,SORT_ORDER) values (180,246,'Y',null);
Insert into SYSTEM.PRODUCT_IMAGE (IMAGE_ID,PRODUCT_NO,IS_THUMBNAIL,SORT_ORDER) values (133,239,'Y',null);
Insert into SYSTEM.PRODUCT_IMAGE (IMAGE_ID,PRODUCT_NO,IS_THUMBNAIL,SORT_ORDER) values (134,239,'A',null);
Insert into SYSTEM.PRODUCT_IMAGE (IMAGE_ID,PRODUCT_NO,IS_THUMBNAIL,SORT_ORDER) values (181,246,'A',null);
Insert into SYSTEM.PRODUCT_IMAGE (IMAGE_ID,PRODUCT_NO,IS_THUMBNAIL,SORT_ORDER) values (186,248,'Y',null);
Insert into SYSTEM.PRODUCT_IMAGE (IMAGE_ID,PRODUCT_NO,IS_THUMBNAIL,SORT_ORDER) values (187,248,'A',null);
Insert into SYSTEM.PRODUCT_IMAGE (IMAGE_ID,PRODUCT_NO,IS_THUMBNAIL,SORT_ORDER) values (189,249,'Y',null);
Insert into SYSTEM.PRODUCT_IMAGE (IMAGE_ID,PRODUCT_NO,IS_THUMBNAIL,SORT_ORDER) values (190,249,'A',null);
Insert into SYSTEM.PRODUCT_IMAGE (IMAGE_ID,PRODUCT_NO,IS_THUMBNAIL,SORT_ORDER) values (192,250,'Y',null);
Insert into SYSTEM.PRODUCT_IMAGE (IMAGE_ID,PRODUCT_NO,IS_THUMBNAIL,SORT_ORDER) values (193,250,'A',null);
REM INSERTING into SYSTEM.PRODUCT_OPTION
SET DEFINE OFF;
Insert into SYSTEM.PRODUCT_OPTION (OPTION_NO,PRODUCT_NO,UNIT,STOCK_QTY,ADD_PRICE,IS_ACTIVE,CDATETIME,UDATETIME) values (155,240,'10kg',80,35000,'Y',to_date('25/11/07','RR/MM/DD'),to_date('25/11/07','RR/MM/DD'));
Insert into SYSTEM.PRODUCT_OPTION (OPTION_NO,PRODUCT_NO,UNIT,STOCK_QTY,ADD_PRICE,IS_ACTIVE,CDATETIME,UDATETIME) values (156,240,'3kg',200,0,'Y',to_date('25/11/07','RR/MM/DD'),to_date('25/11/07','RR/MM/DD'));
Insert into SYSTEM.PRODUCT_OPTION (OPTION_NO,PRODUCT_NO,UNIT,STOCK_QTY,ADD_PRICE,IS_ACTIVE,CDATETIME,UDATETIME) values (157,240,'5kg',150,10000,'Y',to_date('25/11/07','RR/MM/DD'),to_date('25/11/07','RR/MM/DD'));
Insert into SYSTEM.PRODUCT_OPTION (OPTION_NO,PRODUCT_NO,UNIT,STOCK_QTY,ADD_PRICE,IS_ACTIVE,CDATETIME,UDATETIME) values (158,240,'7.5kg',120,23000,'Y',to_date('25/11/07','RR/MM/DD'),to_date('25/11/07','RR/MM/DD'));
Insert into SYSTEM.PRODUCT_OPTION (OPTION_NO,PRODUCT_NO,UNIT,STOCK_QTY,ADD_PRICE,IS_ACTIVE,CDATETIME,UDATETIME) values (169,231,'1포기',300,0,'Y',to_date('25/11/10','RR/MM/DD'),to_date('25/11/10','RR/MM/DD'));
Insert into SYSTEM.PRODUCT_OPTION (OPTION_NO,PRODUCT_NO,UNIT,STOCK_QTY,ADD_PRICE,IS_ACTIVE,CDATETIME,UDATETIME) values (170,231,'3포기',180,7800,'Y',to_date('25/11/10','RR/MM/DD'),to_date('25/11/10','RR/MM/DD'));
Insert into SYSTEM.PRODUCT_OPTION (OPTION_NO,PRODUCT_NO,UNIT,STOCK_QTY,ADD_PRICE,IS_ACTIVE,CDATETIME,UDATETIME) values (171,231,'5포기',120,15000,'Y',to_date('25/11/10','RR/MM/DD'),to_date('25/11/10','RR/MM/DD'));
Insert into SYSTEM.PRODUCT_OPTION (OPTION_NO,PRODUCT_NO,UNIT,STOCK_QTY,ADD_PRICE,IS_ACTIVE,CDATETIME,UDATETIME) values (159,241,'500G',120,0,'Y',to_date('25/11/10','RR/MM/DD'),to_date('25/11/10','RR/MM/DD'));
Insert into SYSTEM.PRODUCT_OPTION (OPTION_NO,PRODUCT_NO,UNIT,STOCK_QTY,ADD_PRICE,IS_ACTIVE,CDATETIME,UDATETIME) values (160,241,'10kg',80,8000,'Y',to_date('25/11/10','RR/MM/DD'),to_date('25/11/10','RR/MM/DD'));
Insert into SYSTEM.PRODUCT_OPTION (OPTION_NO,PRODUCT_NO,UNIT,STOCK_QTY,ADD_PRICE,IS_ACTIVE,CDATETIME,UDATETIME) values (161,241,'20kg',40,21000,'Y',to_date('25/11/10','RR/MM/DD'),to_date('25/11/10','RR/MM/DD'));
Insert into SYSTEM.PRODUCT_OPTION (OPTION_NO,PRODUCT_NO,UNIT,STOCK_QTY,ADD_PRICE,IS_ACTIVE,CDATETIME,UDATETIME) values (162,242,'20KG',45,24900,'Y',to_date('25/11/10','RR/MM/DD'),to_date('25/11/10','RR/MM/DD'));
Insert into SYSTEM.PRODUCT_OPTION (OPTION_NO,PRODUCT_NO,UNIT,STOCK_QTY,ADD_PRICE,IS_ACTIVE,CDATETIME,UDATETIME) values (163,242,'10KG',90,9000,'Y',to_date('25/11/10','RR/MM/DD'),to_date('25/11/10','RR/MM/DD'));
Insert into SYSTEM.PRODUCT_OPTION (OPTION_NO,PRODUCT_NO,UNIT,STOCK_QTY,ADD_PRICE,IS_ACTIVE,CDATETIME,UDATETIME) values (164,242,'500G',150,0,'Y',to_date('25/11/10','RR/MM/DD'),to_date('25/11/10','RR/MM/DD'));
Insert into SYSTEM.PRODUCT_OPTION (OPTION_NO,PRODUCT_NO,UNIT,STOCK_QTY,ADD_PRICE,IS_ACTIVE,CDATETIME,UDATETIME) values (172,223,'채끝 300g',100,19000,'Y',to_date('25/11/10','RR/MM/DD'),to_date('25/11/10','RR/MM/DD'));
Insert into SYSTEM.PRODUCT_OPTION (OPTION_NO,PRODUCT_NO,UNIT,STOCK_QTY,ADD_PRICE,IS_ACTIVE,CDATETIME,UDATETIME) values (173,223,'꽃등심 300g',80,24000,'Y',to_date('25/11/10','RR/MM/DD'),to_date('25/11/10','RR/MM/DD'));
Insert into SYSTEM.PRODUCT_OPTION (OPTION_NO,PRODUCT_NO,UNIT,STOCK_QTY,ADD_PRICE,IS_ACTIVE,CDATETIME,UDATETIME) values (174,223,'안심 300g',70,27000,'Y',to_date('25/11/10','RR/MM/DD'),to_date('25/11/10','RR/MM/DD'));
Insert into SYSTEM.PRODUCT_OPTION (OPTION_NO,PRODUCT_NO,UNIT,STOCK_QTY,ADD_PRICE,IS_ACTIVE,CDATETIME,UDATETIME) values (175,244,'다리 슬라이스 500g',160,9200,'Y',to_date('25/11/10','RR/MM/DD'),to_date('25/11/10','RR/MM/DD'));
Insert into SYSTEM.PRODUCT_OPTION (OPTION_NO,PRODUCT_NO,UNIT,STOCK_QTY,ADD_PRICE,IS_ACTIVE,CDATETIME,UDATETIME) values (176,244,'숄더(목심) 300g',220,0,'Y',to_date('25/11/10','RR/MM/DD'),to_date('25/11/10','RR/MM/DD'));
Insert into SYSTEM.PRODUCT_OPTION (OPTION_NO,PRODUCT_NO,UNIT,STOCK_QTY,ADD_PRICE,IS_ACTIVE,CDATETIME,UDATETIME) values (177,244,'큐브램 500g',150,8500,'Y',to_date('25/11/10','RR/MM/DD'),to_date('25/11/10','RR/MM/DD'));
Insert into SYSTEM.PRODUCT_OPTION (OPTION_NO,PRODUCT_NO,UNIT,STOCK_QTY,ADD_PRICE,IS_ACTIVE,CDATETIME,UDATETIME) values (178,244,'프렌치랙 300g',120,11000,'Y',to_date('25/11/10','RR/MM/DD'),to_date('25/11/10','RR/MM/DD'));
Insert into SYSTEM.PRODUCT_OPTION (OPTION_NO,PRODUCT_NO,UNIT,STOCK_QTY,ADD_PRICE,IS_ACTIVE,CDATETIME,UDATETIME) values (179,244,'등심(로인) 300g',100,9000,'Y',to_date('25/11/10','RR/MM/DD'),to_date('25/11/10','RR/MM/DD'));
Insert into SYSTEM.PRODUCT_OPTION (OPTION_NO,PRODUCT_NO,UNIT,STOCK_QTY,ADD_PRICE,IS_ACTIVE,CDATETIME,UDATETIME) values (180,245,'1KG',20,5000,'Y',to_date('25/11/10','RR/MM/DD'),to_date('25/11/10','RR/MM/DD'));
Insert into SYSTEM.PRODUCT_OPTION (OPTION_NO,PRODUCT_NO,UNIT,STOCK_QTY,ADD_PRICE,IS_ACTIVE,CDATETIME,UDATETIME) values (181,245,'500G',10,0,'Y',to_date('25/11/10','RR/MM/DD'),to_date('25/11/10','RR/MM/DD'));
Insert into SYSTEM.PRODUCT_OPTION (OPTION_NO,PRODUCT_NO,UNIT,STOCK_QTY,ADD_PRICE,IS_ACTIVE,CDATETIME,UDATETIME) values (184,247,'1KG',20,5000,'Y',to_date('25/11/10','RR/MM/DD'),to_date('25/11/10','RR/MM/DD'));
Insert into SYSTEM.PRODUCT_OPTION (OPTION_NO,PRODUCT_NO,UNIT,STOCK_QTY,ADD_PRICE,IS_ACTIVE,CDATETIME,UDATETIME) values (185,247,'500G',10,0,'Y',to_date('25/11/10','RR/MM/DD'),to_date('25/11/10','RR/MM/DD'));
Insert into SYSTEM.PRODUCT_OPTION (OPTION_NO,PRODUCT_NO,UNIT,STOCK_QTY,ADD_PRICE,IS_ACTIVE,CDATETIME,UDATETIME) values (192,251,'500G',10,0,'Y',to_date('25/11/10','RR/MM/DD'),to_date('25/11/10','RR/MM/DD'));
Insert into SYSTEM.PRODUCT_OPTION (OPTION_NO,PRODUCT_NO,UNIT,STOCK_QTY,ADD_PRICE,IS_ACTIVE,CDATETIME,UDATETIME) values (193,251,'1KG',20,5000,'Y',to_date('25/11/10','RR/MM/DD'),to_date('25/11/10','RR/MM/DD'));
Insert into SYSTEM.PRODUCT_OPTION (OPTION_NO,PRODUCT_NO,UNIT,STOCK_QTY,ADD_PRICE,IS_ACTIVE,CDATETIME,UDATETIME) values (194,220,'활 대게 1kg',120,0,'Y',to_date('25/11/11','RR/MM/DD'),to_date('25/11/11','RR/MM/DD'));
Insert into SYSTEM.PRODUCT_OPTION (OPTION_NO,PRODUCT_NO,UNIT,STOCK_QTY,ADD_PRICE,IS_ACTIVE,CDATETIME,UDATETIME) values (195,220,'활 대게 1.5kg',90,32000,'Y',to_date('25/11/11','RR/MM/DD'),to_date('25/11/11','RR/MM/DD'));
Insert into SYSTEM.PRODUCT_OPTION (OPTION_NO,PRODUCT_NO,UNIT,STOCK_QTY,ADD_PRICE,IS_ACTIVE,CDATETIME,UDATETIME) values (196,220,'활 대게 2kg',60,76000,'Y',to_date('25/11/11','RR/MM/DD'),to_date('25/11/11','RR/MM/DD'));
Insert into SYSTEM.PRODUCT_OPTION (OPTION_NO,PRODUCT_NO,UNIT,STOCK_QTY,ADD_PRICE,IS_ACTIVE,CDATETIME,UDATETIME) values (197,220,'손질 대게살 500g',150,17000,'Y',to_date('25/11/11','RR/MM/DD'),to_date('25/11/11','RR/MM/DD'));
Insert into SYSTEM.PRODUCT_OPTION (OPTION_NO,PRODUCT_NO,UNIT,STOCK_QTY,ADD_PRICE,IS_ACTIVE,CDATETIME,UDATETIME) values (82,147,'500g',20,0,'Y',to_date('25/11/06','RR/MM/DD'),to_date('25/11/10','RR/MM/DD'));
Insert into SYSTEM.PRODUCT_OPTION (OPTION_NO,PRODUCT_NO,UNIT,STOCK_QTY,ADD_PRICE,IS_ACTIVE,CDATETIME,UDATETIME) values (83,147,'1kg',10,8000,'Y',to_date('25/11/06','RR/MM/DD'),to_date('25/11/10','RR/MM/DD'));
Insert into SYSTEM.PRODUCT_OPTION (OPTION_NO,PRODUCT_NO,UNIT,STOCK_QTY,ADD_PRICE,IS_ACTIVE,CDATETIME,UDATETIME) values (84,147,'2kg',5,15000,'Y',to_date('25/11/06','RR/MM/DD'),to_date('25/11/10','RR/MM/DD'));
Insert into SYSTEM.PRODUCT_OPTION (OPTION_NO,PRODUCT_NO,UNIT,STOCK_QTY,ADD_PRICE,IS_ACTIVE,CDATETIME,UDATETIME) values (85,148,'500g',20,0,'Y',to_date('25/11/06','RR/MM/DD'),to_date('25/11/06','RR/MM/DD'));
Insert into SYSTEM.PRODUCT_OPTION (OPTION_NO,PRODUCT_NO,UNIT,STOCK_QTY,ADD_PRICE,IS_ACTIVE,CDATETIME,UDATETIME) values (86,148,'1kg',10,8000,'Y',to_date('25/11/06','RR/MM/DD'),to_date('25/11/06','RR/MM/DD'));
Insert into SYSTEM.PRODUCT_OPTION (OPTION_NO,PRODUCT_NO,UNIT,STOCK_QTY,ADD_PRICE,IS_ACTIVE,CDATETIME,UDATETIME) values (87,148,'2kg',5,15000,'Y',to_date('25/11/06','RR/MM/DD'),to_date('25/11/06','RR/MM/DD'));
Insert into SYSTEM.PRODUCT_OPTION (OPTION_NO,PRODUCT_NO,UNIT,STOCK_QTY,ADD_PRICE,IS_ACTIVE,CDATETIME,UDATETIME) values (88,152,'500g',20,0,'Y',to_date('25/11/06','RR/MM/DD'),to_date('25/11/06','RR/MM/DD'));
Insert into SYSTEM.PRODUCT_OPTION (OPTION_NO,PRODUCT_NO,UNIT,STOCK_QTY,ADD_PRICE,IS_ACTIVE,CDATETIME,UDATETIME) values (89,152,'1kg',10,8000,'Y',to_date('25/11/06','RR/MM/DD'),to_date('25/11/06','RR/MM/DD'));
Insert into SYSTEM.PRODUCT_OPTION (OPTION_NO,PRODUCT_NO,UNIT,STOCK_QTY,ADD_PRICE,IS_ACTIVE,CDATETIME,UDATETIME) values (90,152,'2kg',5,15000,'Y',to_date('25/11/06','RR/MM/DD'),to_date('25/11/06','RR/MM/DD'));
Insert into SYSTEM.PRODUCT_OPTION (OPTION_NO,PRODUCT_NO,UNIT,STOCK_QTY,ADD_PRICE,IS_ACTIVE,CDATETIME,UDATETIME) values (91,155,'500g',20,0,'Y',to_date('25/11/06','RR/MM/DD'),to_date('25/11/06','RR/MM/DD'));
Insert into SYSTEM.PRODUCT_OPTION (OPTION_NO,PRODUCT_NO,UNIT,STOCK_QTY,ADD_PRICE,IS_ACTIVE,CDATETIME,UDATETIME) values (92,155,'1kg',10,8000,'Y',to_date('25/11/06','RR/MM/DD'),to_date('25/11/06','RR/MM/DD'));
Insert into SYSTEM.PRODUCT_OPTION (OPTION_NO,PRODUCT_NO,UNIT,STOCK_QTY,ADD_PRICE,IS_ACTIVE,CDATETIME,UDATETIME) values (93,155,'2kg',5,15000,'Y',to_date('25/11/06','RR/MM/DD'),to_date('25/11/06','RR/MM/DD'));
Insert into SYSTEM.PRODUCT_OPTION (OPTION_NO,PRODUCT_NO,UNIT,STOCK_QTY,ADD_PRICE,IS_ACTIVE,CDATETIME,UDATETIME) values (97,161,'500g',20,0,'Y',to_date('25/11/06','RR/MM/DD'),to_date('25/11/06','RR/MM/DD'));
Insert into SYSTEM.PRODUCT_OPTION (OPTION_NO,PRODUCT_NO,UNIT,STOCK_QTY,ADD_PRICE,IS_ACTIVE,CDATETIME,UDATETIME) values (98,161,'1kg',10,5000,'Y',to_date('25/11/06','RR/MM/DD'),to_date('25/11/06','RR/MM/DD'));
Insert into SYSTEM.PRODUCT_OPTION (OPTION_NO,PRODUCT_NO,UNIT,STOCK_QTY,ADD_PRICE,IS_ACTIVE,CDATETIME,UDATETIME) values (99,161,'2kg',5,10000,'Y',to_date('25/11/06','RR/MM/DD'),to_date('25/11/06','RR/MM/DD'));
Insert into SYSTEM.PRODUCT_OPTION (OPTION_NO,PRODUCT_NO,UNIT,STOCK_QTY,ADD_PRICE,IS_ACTIVE,CDATETIME,UDATETIME) values (100,165,'500g',20,0,'Y',to_date('25/11/06','RR/MM/DD'),to_date('25/11/06','RR/MM/DD'));
Insert into SYSTEM.PRODUCT_OPTION (OPTION_NO,PRODUCT_NO,UNIT,STOCK_QTY,ADD_PRICE,IS_ACTIVE,CDATETIME,UDATETIME) values (101,165,'1kg',10,8000,'Y',to_date('25/11/06','RR/MM/DD'),to_date('25/11/06','RR/MM/DD'));
Insert into SYSTEM.PRODUCT_OPTION (OPTION_NO,PRODUCT_NO,UNIT,STOCK_QTY,ADD_PRICE,IS_ACTIVE,CDATETIME,UDATETIME) values (102,165,'2kg',5,16000,'Y',to_date('25/11/06','RR/MM/DD'),to_date('25/11/06','RR/MM/DD'));
Insert into SYSTEM.PRODUCT_OPTION (OPTION_NO,PRODUCT_NO,UNIT,STOCK_QTY,ADD_PRICE,IS_ACTIVE,CDATETIME,UDATETIME) values (103,175,'500g',20,0,'Y',to_date('25/11/06','RR/MM/DD'),to_date('25/11/06','RR/MM/DD'));
Insert into SYSTEM.PRODUCT_OPTION (OPTION_NO,PRODUCT_NO,UNIT,STOCK_QTY,ADD_PRICE,IS_ACTIVE,CDATETIME,UDATETIME) values (104,175,'1kg',10,7000,'Y',to_date('25/11/06','RR/MM/DD'),to_date('25/11/06','RR/MM/DD'));
Insert into SYSTEM.PRODUCT_OPTION (OPTION_NO,PRODUCT_NO,UNIT,STOCK_QTY,ADD_PRICE,IS_ACTIVE,CDATETIME,UDATETIME) values (105,175,'2kg',5,14000,'Y',to_date('25/11/06','RR/MM/DD'),to_date('25/11/06','RR/MM/DD'));
Insert into SYSTEM.PRODUCT_OPTION (OPTION_NO,PRODUCT_NO,UNIT,STOCK_QTY,ADD_PRICE,IS_ACTIVE,CDATETIME,UDATETIME) values (106,176,'500g',20,0,'Y',to_date('25/11/06','RR/MM/DD'),to_date('25/11/06','RR/MM/DD'));
Insert into SYSTEM.PRODUCT_OPTION (OPTION_NO,PRODUCT_NO,UNIT,STOCK_QTY,ADD_PRICE,IS_ACTIVE,CDATETIME,UDATETIME) values (107,176,'1kg',10,7000,'Y',to_date('25/11/06','RR/MM/DD'),to_date('25/11/06','RR/MM/DD'));
Insert into SYSTEM.PRODUCT_OPTION (OPTION_NO,PRODUCT_NO,UNIT,STOCK_QTY,ADD_PRICE,IS_ACTIVE,CDATETIME,UDATETIME) values (108,176,'2kg',5,14000,'Y',to_date('25/11/06','RR/MM/DD'),to_date('25/11/06','RR/MM/DD'));
Insert into SYSTEM.PRODUCT_OPTION (OPTION_NO,PRODUCT_NO,UNIT,STOCK_QTY,ADD_PRICE,IS_ACTIVE,CDATETIME,UDATETIME) values (109,179,'100g',20,0,'Y',to_date('25/11/06','RR/MM/DD'),to_date('25/11/06','RR/MM/DD'));
Insert into SYSTEM.PRODUCT_OPTION (OPTION_NO,PRODUCT_NO,UNIT,STOCK_QTY,ADD_PRICE,IS_ACTIVE,CDATETIME,UDATETIME) values (110,179,'300g',10,15000,'Y',to_date('25/11/06','RR/MM/DD'),to_date('25/11/06','RR/MM/DD'));
Insert into SYSTEM.PRODUCT_OPTION (OPTION_NO,PRODUCT_NO,UNIT,STOCK_QTY,ADD_PRICE,IS_ACTIVE,CDATETIME,UDATETIME) values (111,179,'500g',5,25000,'Y',to_date('25/11/06','RR/MM/DD'),to_date('25/11/06','RR/MM/DD'));
Insert into SYSTEM.PRODUCT_OPTION (OPTION_NO,PRODUCT_NO,UNIT,STOCK_QTY,ADD_PRICE,IS_ACTIVE,CDATETIME,UDATETIME) values (112,180,'500g',15,0,'Y',to_date('25/11/06','RR/MM/DD'),to_date('25/11/06','RR/MM/DD'));
Insert into SYSTEM.PRODUCT_OPTION (OPTION_NO,PRODUCT_NO,UNIT,STOCK_QTY,ADD_PRICE,IS_ACTIVE,CDATETIME,UDATETIME) values (113,180,'1kg',10,6000,'Y',to_date('25/11/06','RR/MM/DD'),to_date('25/11/06','RR/MM/DD'));
Insert into SYSTEM.PRODUCT_OPTION (OPTION_NO,PRODUCT_NO,UNIT,STOCK_QTY,ADD_PRICE,IS_ACTIVE,CDATETIME,UDATETIME) values (114,180,'2kg',5,12000,'Y',to_date('25/11/06','RR/MM/DD'),to_date('25/11/06','RR/MM/DD'));
Insert into SYSTEM.PRODUCT_OPTION (OPTION_NO,PRODUCT_NO,UNIT,STOCK_QTY,ADD_PRICE,IS_ACTIVE,CDATETIME,UDATETIME) values (115,186,'500ml',25,0,'Y',to_date('25/11/06','RR/MM/DD'),to_date('25/11/06','RR/MM/DD'));
Insert into SYSTEM.PRODUCT_OPTION (OPTION_NO,PRODUCT_NO,UNIT,STOCK_QTY,ADD_PRICE,IS_ACTIVE,CDATETIME,UDATETIME) values (116,186,'1L',15,3000,'Y',to_date('25/11/06','RR/MM/DD'),to_date('25/11/06','RR/MM/DD'));
Insert into SYSTEM.PRODUCT_OPTION (OPTION_NO,PRODUCT_NO,UNIT,STOCK_QTY,ADD_PRICE,IS_ACTIVE,CDATETIME,UDATETIME) values (117,186,'2L',5,7000,'Y',to_date('25/11/06','RR/MM/DD'),to_date('25/11/06','RR/MM/DD'));
Insert into SYSTEM.PRODUCT_OPTION (OPTION_NO,PRODUCT_NO,UNIT,STOCK_QTY,ADD_PRICE,IS_ACTIVE,CDATETIME,UDATETIME) values (118,193,'500g',25,0,'Y',to_date('25/11/06','RR/MM/DD'),to_date('25/11/06','RR/MM/DD'));
Insert into SYSTEM.PRODUCT_OPTION (OPTION_NO,PRODUCT_NO,UNIT,STOCK_QTY,ADD_PRICE,IS_ACTIVE,CDATETIME,UDATETIME) values (119,193,'1kg',15,5000,'Y',to_date('25/11/06','RR/MM/DD'),to_date('25/11/06','RR/MM/DD'));
Insert into SYSTEM.PRODUCT_OPTION (OPTION_NO,PRODUCT_NO,UNIT,STOCK_QTY,ADD_PRICE,IS_ACTIVE,CDATETIME,UDATETIME) values (120,193,'2kg',5,10000,'Y',to_date('25/11/06','RR/MM/DD'),to_date('25/11/06','RR/MM/DD'));
Insert into SYSTEM.PRODUCT_OPTION (OPTION_NO,PRODUCT_NO,UNIT,STOCK_QTY,ADD_PRICE,IS_ACTIVE,CDATETIME,UDATETIME) values (121,195,'500g',25,0,'Y',to_date('25/11/06','RR/MM/DD'),to_date('25/11/06','RR/MM/DD'));
Insert into SYSTEM.PRODUCT_OPTION (OPTION_NO,PRODUCT_NO,UNIT,STOCK_QTY,ADD_PRICE,IS_ACTIVE,CDATETIME,UDATETIME) values (122,195,'1kg',15,5000,'Y',to_date('25/11/06','RR/MM/DD'),to_date('25/11/06','RR/MM/DD'));
Insert into SYSTEM.PRODUCT_OPTION (OPTION_NO,PRODUCT_NO,UNIT,STOCK_QTY,ADD_PRICE,IS_ACTIVE,CDATETIME,UDATETIME) values (123,195,'2kg',5,10000,'Y',to_date('25/11/06','RR/MM/DD'),to_date('25/11/06','RR/MM/DD'));
Insert into SYSTEM.PRODUCT_OPTION (OPTION_NO,PRODUCT_NO,UNIT,STOCK_QTY,ADD_PRICE,IS_ACTIVE,CDATETIME,UDATETIME) values (124,197,'500g',25,0,'Y',to_date('25/11/06','RR/MM/DD'),to_date('25/11/06','RR/MM/DD'));
Insert into SYSTEM.PRODUCT_OPTION (OPTION_NO,PRODUCT_NO,UNIT,STOCK_QTY,ADD_PRICE,IS_ACTIVE,CDATETIME,UDATETIME) values (125,197,'1kg',15,5000,'Y',to_date('25/11/06','RR/MM/DD'),to_date('25/11/06','RR/MM/DD'));
Insert into SYSTEM.PRODUCT_OPTION (OPTION_NO,PRODUCT_NO,UNIT,STOCK_QTY,ADD_PRICE,IS_ACTIVE,CDATETIME,UDATETIME) values (126,197,'2kg',5,10000,'Y',to_date('25/11/06','RR/MM/DD'),to_date('25/11/06','RR/MM/DD'));
Insert into SYSTEM.PRODUCT_OPTION (OPTION_NO,PRODUCT_NO,UNIT,STOCK_QTY,ADD_PRICE,IS_ACTIVE,CDATETIME,UDATETIME) values (127,199,'500g',25,0,'Y',to_date('25/11/06','RR/MM/DD'),to_date('25/11/06','RR/MM/DD'));
Insert into SYSTEM.PRODUCT_OPTION (OPTION_NO,PRODUCT_NO,UNIT,STOCK_QTY,ADD_PRICE,IS_ACTIVE,CDATETIME,UDATETIME) values (128,199,'1kg',15,5000,'Y',to_date('25/11/06','RR/MM/DD'),to_date('25/11/06','RR/MM/DD'));
Insert into SYSTEM.PRODUCT_OPTION (OPTION_NO,PRODUCT_NO,UNIT,STOCK_QTY,ADD_PRICE,IS_ACTIVE,CDATETIME,UDATETIME) values (129,199,'2kg',5,10000,'Y',to_date('25/11/06','RR/MM/DD'),to_date('25/11/06','RR/MM/DD'));
Insert into SYSTEM.PRODUCT_OPTION (OPTION_NO,PRODUCT_NO,UNIT,STOCK_QTY,ADD_PRICE,IS_ACTIVE,CDATETIME,UDATETIME) values (130,200,'500g',25,0,'Y',to_date('25/11/06','RR/MM/DD'),to_date('25/11/06','RR/MM/DD'));
Insert into SYSTEM.PRODUCT_OPTION (OPTION_NO,PRODUCT_NO,UNIT,STOCK_QTY,ADD_PRICE,IS_ACTIVE,CDATETIME,UDATETIME) values (131,200,'1kg',15,5000,'Y',to_date('25/11/06','RR/MM/DD'),to_date('25/11/06','RR/MM/DD'));
Insert into SYSTEM.PRODUCT_OPTION (OPTION_NO,PRODUCT_NO,UNIT,STOCK_QTY,ADD_PRICE,IS_ACTIVE,CDATETIME,UDATETIME) values (132,200,'2kg',5,10000,'Y',to_date('25/11/06','RR/MM/DD'),to_date('25/11/06','RR/MM/DD'));
Insert into SYSTEM.PRODUCT_OPTION (OPTION_NO,PRODUCT_NO,UNIT,STOCK_QTY,ADD_PRICE,IS_ACTIVE,CDATETIME,UDATETIME) values (133,207,'500g',25,0,'Y',to_date('25/11/06','RR/MM/DD'),to_date('25/11/06','RR/MM/DD'));
Insert into SYSTEM.PRODUCT_OPTION (OPTION_NO,PRODUCT_NO,UNIT,STOCK_QTY,ADD_PRICE,IS_ACTIVE,CDATETIME,UDATETIME) values (134,207,'1kg',15,5000,'Y',to_date('25/11/06','RR/MM/DD'),to_date('25/11/06','RR/MM/DD'));
Insert into SYSTEM.PRODUCT_OPTION (OPTION_NO,PRODUCT_NO,UNIT,STOCK_QTY,ADD_PRICE,IS_ACTIVE,CDATETIME,UDATETIME) values (135,207,'2kg',5,10000,'Y',to_date('25/11/06','RR/MM/DD'),to_date('25/11/06','RR/MM/DD'));
Insert into SYSTEM.PRODUCT_OPTION (OPTION_NO,PRODUCT_NO,UNIT,STOCK_QTY,ADD_PRICE,IS_ACTIVE,CDATETIME,UDATETIME) values (136,208,'500g',25,0,'Y',to_date('25/11/06','RR/MM/DD'),to_date('25/11/06','RR/MM/DD'));
Insert into SYSTEM.PRODUCT_OPTION (OPTION_NO,PRODUCT_NO,UNIT,STOCK_QTY,ADD_PRICE,IS_ACTIVE,CDATETIME,UDATETIME) values (137,208,'1kg',15,5000,'Y',to_date('25/11/06','RR/MM/DD'),to_date('25/11/06','RR/MM/DD'));
Insert into SYSTEM.PRODUCT_OPTION (OPTION_NO,PRODUCT_NO,UNIT,STOCK_QTY,ADD_PRICE,IS_ACTIVE,CDATETIME,UDATETIME) values (138,208,'2kg',5,10000,'Y',to_date('25/11/06','RR/MM/DD'),to_date('25/11/06','RR/MM/DD'));
Insert into SYSTEM.PRODUCT_OPTION (OPTION_NO,PRODUCT_NO,UNIT,STOCK_QTY,ADD_PRICE,IS_ACTIVE,CDATETIME,UDATETIME) values (139,209,'500g',25,0,'Y',to_date('25/11/06','RR/MM/DD'),to_date('25/11/06','RR/MM/DD'));
Insert into SYSTEM.PRODUCT_OPTION (OPTION_NO,PRODUCT_NO,UNIT,STOCK_QTY,ADD_PRICE,IS_ACTIVE,CDATETIME,UDATETIME) values (140,209,'1kg',15,5000,'Y',to_date('25/11/06','RR/MM/DD'),to_date('25/11/06','RR/MM/DD'));
Insert into SYSTEM.PRODUCT_OPTION (OPTION_NO,PRODUCT_NO,UNIT,STOCK_QTY,ADD_PRICE,IS_ACTIVE,CDATETIME,UDATETIME) values (141,209,'2kg',5,10000,'Y',to_date('25/11/06','RR/MM/DD'),to_date('25/11/06','RR/MM/DD'));
Insert into SYSTEM.PRODUCT_OPTION (OPTION_NO,PRODUCT_NO,UNIT,STOCK_QTY,ADD_PRICE,IS_ACTIVE,CDATETIME,UDATETIME) values (142,210,'500g',25,0,'Y',to_date('25/11/06','RR/MM/DD'),to_date('25/11/06','RR/MM/DD'));
Insert into SYSTEM.PRODUCT_OPTION (OPTION_NO,PRODUCT_NO,UNIT,STOCK_QTY,ADD_PRICE,IS_ACTIVE,CDATETIME,UDATETIME) values (143,210,'1kg',15,5000,'Y',to_date('25/11/06','RR/MM/DD'),to_date('25/11/06','RR/MM/DD'));
Insert into SYSTEM.PRODUCT_OPTION (OPTION_NO,PRODUCT_NO,UNIT,STOCK_QTY,ADD_PRICE,IS_ACTIVE,CDATETIME,UDATETIME) values (144,210,'2kg',5,10000,'Y',to_date('25/11/06','RR/MM/DD'),to_date('25/11/06','RR/MM/DD'));
Insert into SYSTEM.PRODUCT_OPTION (OPTION_NO,PRODUCT_NO,UNIT,STOCK_QTY,ADD_PRICE,IS_ACTIVE,CDATETIME,UDATETIME) values (145,211,'500g',25,0,'Y',to_date('25/11/06','RR/MM/DD'),to_date('25/11/06','RR/MM/DD'));
Insert into SYSTEM.PRODUCT_OPTION (OPTION_NO,PRODUCT_NO,UNIT,STOCK_QTY,ADD_PRICE,IS_ACTIVE,CDATETIME,UDATETIME) values (146,211,'1kg',15,5000,'Y',to_date('25/11/06','RR/MM/DD'),to_date('25/11/06','RR/MM/DD'));
Insert into SYSTEM.PRODUCT_OPTION (OPTION_NO,PRODUCT_NO,UNIT,STOCK_QTY,ADD_PRICE,IS_ACTIVE,CDATETIME,UDATETIME) values (147,211,'2kg',5,10000,'Y',to_date('25/11/06','RR/MM/DD'),to_date('25/11/06','RR/MM/DD'));
Insert into SYSTEM.PRODUCT_OPTION (OPTION_NO,PRODUCT_NO,UNIT,STOCK_QTY,ADD_PRICE,IS_ACTIVE,CDATETIME,UDATETIME) values (148,212,'5kg',15,0,'Y',to_date('25/11/06','RR/MM/DD'),to_date('25/11/06','RR/MM/DD'));
Insert into SYSTEM.PRODUCT_OPTION (OPTION_NO,PRODUCT_NO,UNIT,STOCK_QTY,ADD_PRICE,IS_ACTIVE,CDATETIME,UDATETIME) values (149,212,'10kg',10,3000,'Y',to_date('25/11/06','RR/MM/DD'),to_date('25/11/06','RR/MM/DD'));
Insert into SYSTEM.PRODUCT_OPTION (OPTION_NO,PRODUCT_NO,UNIT,STOCK_QTY,ADD_PRICE,IS_ACTIVE,CDATETIME,UDATETIME) values (150,212,'20kg',5,8000,'Y',to_date('25/11/06','RR/MM/DD'),to_date('25/11/06','RR/MM/DD'));
Insert into SYSTEM.PRODUCT_OPTION (OPTION_NO,PRODUCT_NO,UNIT,STOCK_QTY,ADD_PRICE,IS_ACTIVE,CDATETIME,UDATETIME) values (151,213,'5kg',15,0,'Y',to_date('25/11/06','RR/MM/DD'),to_date('25/11/06','RR/MM/DD'));
Insert into SYSTEM.PRODUCT_OPTION (OPTION_NO,PRODUCT_NO,UNIT,STOCK_QTY,ADD_PRICE,IS_ACTIVE,CDATETIME,UDATETIME) values (152,213,'10kg',10,3000,'Y',to_date('25/11/06','RR/MM/DD'),to_date('25/11/06','RR/MM/DD'));
Insert into SYSTEM.PRODUCT_OPTION (OPTION_NO,PRODUCT_NO,UNIT,STOCK_QTY,ADD_PRICE,IS_ACTIVE,CDATETIME,UDATETIME) values (153,213,'20kg',5,8000,'Y',to_date('25/11/06','RR/MM/DD'),to_date('25/11/06','RR/MM/DD'));
Insert into SYSTEM.PRODUCT_OPTION (OPTION_NO,PRODUCT_NO,UNIT,STOCK_QTY,ADD_PRICE,IS_ACTIVE,CDATETIME,UDATETIME) values (165,243,'도시락김 9봉',200,0,'Y',to_date('25/11/10','RR/MM/DD'),to_date('25/11/10','RR/MM/DD'));
Insert into SYSTEM.PRODUCT_OPTION (OPTION_NO,PRODUCT_NO,UNIT,STOCK_QTY,ADD_PRICE,IS_ACTIVE,CDATETIME,UDATETIME) values (166,243,'도시락김 30봉',120,6500,'Y',to_date('25/11/10','RR/MM/DD'),to_date('25/11/10','RR/MM/DD'));
Insert into SYSTEM.PRODUCT_OPTION (OPTION_NO,PRODUCT_NO,UNIT,STOCK_QTY,ADD_PRICE,IS_ACTIVE,CDATETIME,UDATETIME) values (167,243,'김밥김 20매',100,3900,'Y',to_date('25/11/10','RR/MM/DD'),to_date('25/11/10','RR/MM/DD'));
Insert into SYSTEM.PRODUCT_OPTION (OPTION_NO,PRODUCT_NO,UNIT,STOCK_QTY,ADD_PRICE,IS_ACTIVE,CDATETIME,UDATETIME) values (168,243,'전장김 50매',80,10000,'Y',to_date('25/11/10','RR/MM/DD'),to_date('25/11/10','RR/MM/DD'));
Insert into SYSTEM.PRODUCT_OPTION (OPTION_NO,PRODUCT_NO,UNIT,STOCK_QTY,ADD_PRICE,IS_ACTIVE,CDATETIME,UDATETIME) values (1,117,'5kg',15,0,'Y',to_date('25/11/05','RR/MM/DD'),to_date('25/11/05','RR/MM/DD'));
Insert into SYSTEM.PRODUCT_OPTION (OPTION_NO,PRODUCT_NO,UNIT,STOCK_QTY,ADD_PRICE,IS_ACTIVE,CDATETIME,UDATETIME) values (2,117,'10kg',10,3000,'Y',to_date('25/11/05','RR/MM/DD'),to_date('25/11/05','RR/MM/DD'));
Insert into SYSTEM.PRODUCT_OPTION (OPTION_NO,PRODUCT_NO,UNIT,STOCK_QTY,ADD_PRICE,IS_ACTIVE,CDATETIME,UDATETIME) values (3,117,'20kg',5,8000,'Y',to_date('25/11/05','RR/MM/DD'),to_date('25/11/05','RR/MM/DD'));
Insert into SYSTEM.PRODUCT_OPTION (OPTION_NO,PRODUCT_NO,UNIT,STOCK_QTY,ADD_PRICE,IS_ACTIVE,CDATETIME,UDATETIME) values (4,118,'5kg',15,0,'Y',to_date('25/11/05','RR/MM/DD'),to_date('25/11/05','RR/MM/DD'));
Insert into SYSTEM.PRODUCT_OPTION (OPTION_NO,PRODUCT_NO,UNIT,STOCK_QTY,ADD_PRICE,IS_ACTIVE,CDATETIME,UDATETIME) values (5,118,'10kg',10,3000,'Y',to_date('25/11/05','RR/MM/DD'),to_date('25/11/05','RR/MM/DD'));
Insert into SYSTEM.PRODUCT_OPTION (OPTION_NO,PRODUCT_NO,UNIT,STOCK_QTY,ADD_PRICE,IS_ACTIVE,CDATETIME,UDATETIME) values (6,118,'20kg',5,8000,'Y',to_date('25/11/05','RR/MM/DD'),to_date('25/11/05','RR/MM/DD'));
Insert into SYSTEM.PRODUCT_OPTION (OPTION_NO,PRODUCT_NO,UNIT,STOCK_QTY,ADD_PRICE,IS_ACTIVE,CDATETIME,UDATETIME) values (7,120,'5kg',15,0,'Y',to_date('25/11/05','RR/MM/DD'),to_date('25/11/05','RR/MM/DD'));
Insert into SYSTEM.PRODUCT_OPTION (OPTION_NO,PRODUCT_NO,UNIT,STOCK_QTY,ADD_PRICE,IS_ACTIVE,CDATETIME,UDATETIME) values (8,120,'10kg',10,3000,'Y',to_date('25/11/05','RR/MM/DD'),to_date('25/11/05','RR/MM/DD'));
Insert into SYSTEM.PRODUCT_OPTION (OPTION_NO,PRODUCT_NO,UNIT,STOCK_QTY,ADD_PRICE,IS_ACTIVE,CDATETIME,UDATETIME) values (9,120,'20kg',5,8000,'Y',to_date('25/11/05','RR/MM/DD'),to_date('25/11/05','RR/MM/DD'));
Insert into SYSTEM.PRODUCT_OPTION (OPTION_NO,PRODUCT_NO,UNIT,STOCK_QTY,ADD_PRICE,IS_ACTIVE,CDATETIME,UDATETIME) values (10,122,'1kg',30,0,'Y',to_date('25/11/05','RR/MM/DD'),to_date('25/11/05','RR/MM/DD'));
Insert into SYSTEM.PRODUCT_OPTION (OPTION_NO,PRODUCT_NO,UNIT,STOCK_QTY,ADD_PRICE,IS_ACTIVE,CDATETIME,UDATETIME) values (11,122,'3kg',20,2000,'Y',to_date('25/11/05','RR/MM/DD'),to_date('25/11/05','RR/MM/DD'));
Insert into SYSTEM.PRODUCT_OPTION (OPTION_NO,PRODUCT_NO,UNIT,STOCK_QTY,ADD_PRICE,IS_ACTIVE,CDATETIME,UDATETIME) values (12,122,'5kg',10,5000,'Y',to_date('25/11/05','RR/MM/DD'),to_date('25/11/05','RR/MM/DD'));
Insert into SYSTEM.PRODUCT_OPTION (OPTION_NO,PRODUCT_NO,UNIT,STOCK_QTY,ADD_PRICE,IS_ACTIVE,CDATETIME,UDATETIME) values (13,124,'1kg',30,0,'Y',to_date('25/11/05','RR/MM/DD'),to_date('25/11/05','RR/MM/DD'));
Insert into SYSTEM.PRODUCT_OPTION (OPTION_NO,PRODUCT_NO,UNIT,STOCK_QTY,ADD_PRICE,IS_ACTIVE,CDATETIME,UDATETIME) values (14,124,'3kg',20,2000,'Y',to_date('25/11/05','RR/MM/DD'),to_date('25/11/05','RR/MM/DD'));
Insert into SYSTEM.PRODUCT_OPTION (OPTION_NO,PRODUCT_NO,UNIT,STOCK_QTY,ADD_PRICE,IS_ACTIVE,CDATETIME,UDATETIME) values (15,124,'5kg',10,5000,'Y',to_date('25/11/05','RR/MM/DD'),to_date('25/11/05','RR/MM/DD'));
Insert into SYSTEM.PRODUCT_OPTION (OPTION_NO,PRODUCT_NO,UNIT,STOCK_QTY,ADD_PRICE,IS_ACTIVE,CDATETIME,UDATETIME) values (16,127,'1kg',30,0,'Y',to_date('25/11/05','RR/MM/DD'),to_date('25/11/05','RR/MM/DD'));
Insert into SYSTEM.PRODUCT_OPTION (OPTION_NO,PRODUCT_NO,UNIT,STOCK_QTY,ADD_PRICE,IS_ACTIVE,CDATETIME,UDATETIME) values (17,127,'3kg',20,2000,'Y',to_date('25/11/05','RR/MM/DD'),to_date('25/11/05','RR/MM/DD'));
Insert into SYSTEM.PRODUCT_OPTION (OPTION_NO,PRODUCT_NO,UNIT,STOCK_QTY,ADD_PRICE,IS_ACTIVE,CDATETIME,UDATETIME) values (18,127,'5kg',10,5000,'Y',to_date('25/11/05','RR/MM/DD'),to_date('25/11/05','RR/MM/DD'));
Insert into SYSTEM.PRODUCT_OPTION (OPTION_NO,PRODUCT_NO,UNIT,STOCK_QTY,ADD_PRICE,IS_ACTIVE,CDATETIME,UDATETIME) values (19,136,'1kg',30,0,'Y',to_date('25/11/05','RR/MM/DD'),to_date('25/11/05','RR/MM/DD'));
Insert into SYSTEM.PRODUCT_OPTION (OPTION_NO,PRODUCT_NO,UNIT,STOCK_QTY,ADD_PRICE,IS_ACTIVE,CDATETIME,UDATETIME) values (20,136,'3kg',20,3000,'Y',to_date('25/11/05','RR/MM/DD'),to_date('25/11/05','RR/MM/DD'));
Insert into SYSTEM.PRODUCT_OPTION (OPTION_NO,PRODUCT_NO,UNIT,STOCK_QTY,ADD_PRICE,IS_ACTIVE,CDATETIME,UDATETIME) values (21,136,'5kg',10,6000,'Y',to_date('25/11/05','RR/MM/DD'),to_date('25/11/05','RR/MM/DD'));
Insert into SYSTEM.PRODUCT_OPTION (OPTION_NO,PRODUCT_NO,UNIT,STOCK_QTY,ADD_PRICE,IS_ACTIVE,CDATETIME,UDATETIME) values (22,142,'500g',20,0,'Y',to_date('25/11/05','RR/MM/DD'),to_date('25/11/05','RR/MM/DD'));
Insert into SYSTEM.PRODUCT_OPTION (OPTION_NO,PRODUCT_NO,UNIT,STOCK_QTY,ADD_PRICE,IS_ACTIVE,CDATETIME,UDATETIME) values (23,142,'1kg',10,8000,'Y',to_date('25/11/05','RR/MM/DD'),to_date('25/11/05','RR/MM/DD'));
Insert into SYSTEM.PRODUCT_OPTION (OPTION_NO,PRODUCT_NO,UNIT,STOCK_QTY,ADD_PRICE,IS_ACTIVE,CDATETIME,UDATETIME) values (24,142,'2kg',5,15000,'Y',to_date('25/11/05','RR/MM/DD'),to_date('25/11/05','RR/MM/DD'));
Insert into SYSTEM.PRODUCT_OPTION (OPTION_NO,PRODUCT_NO,UNIT,STOCK_QTY,ADD_PRICE,IS_ACTIVE,CDATETIME,UDATETIME) values (25,143,'500g',20,0,'Y',to_date('25/11/05','RR/MM/DD'),to_date('25/11/05','RR/MM/DD'));
Insert into SYSTEM.PRODUCT_OPTION (OPTION_NO,PRODUCT_NO,UNIT,STOCK_QTY,ADD_PRICE,IS_ACTIVE,CDATETIME,UDATETIME) values (26,143,'1kg',10,8000,'Y',to_date('25/11/05','RR/MM/DD'),to_date('25/11/05','RR/MM/DD'));
Insert into SYSTEM.PRODUCT_OPTION (OPTION_NO,PRODUCT_NO,UNIT,STOCK_QTY,ADD_PRICE,IS_ACTIVE,CDATETIME,UDATETIME) values (27,143,'2kg',5,15000,'Y',to_date('25/11/05','RR/MM/DD'),to_date('25/11/05','RR/MM/DD'));
Insert into SYSTEM.PRODUCT_OPTION (OPTION_NO,PRODUCT_NO,UNIT,STOCK_QTY,ADD_PRICE,IS_ACTIVE,CDATETIME,UDATETIME) values (28,158,'500g',20,0,'Y',to_date('25/11/05','RR/MM/DD'),to_date('25/11/05','RR/MM/DD'));
Insert into SYSTEM.PRODUCT_OPTION (OPTION_NO,PRODUCT_NO,UNIT,STOCK_QTY,ADD_PRICE,IS_ACTIVE,CDATETIME,UDATETIME) values (29,158,'1kg',10,5000,'Y',to_date('25/11/05','RR/MM/DD'),to_date('25/11/05','RR/MM/DD'));
Insert into SYSTEM.PRODUCT_OPTION (OPTION_NO,PRODUCT_NO,UNIT,STOCK_QTY,ADD_PRICE,IS_ACTIVE,CDATETIME,UDATETIME) values (30,158,'2kg',5,10000,'Y',to_date('25/11/05','RR/MM/DD'),to_date('25/11/05','RR/MM/DD'));
Insert into SYSTEM.PRODUCT_OPTION (OPTION_NO,PRODUCT_NO,UNIT,STOCK_QTY,ADD_PRICE,IS_ACTIVE,CDATETIME,UDATETIME) values (31,163,'500g',15,0,'Y',to_date('25/11/05','RR/MM/DD'),to_date('25/11/05','RR/MM/DD'));
Insert into SYSTEM.PRODUCT_OPTION (OPTION_NO,PRODUCT_NO,UNIT,STOCK_QTY,ADD_PRICE,IS_ACTIVE,CDATETIME,UDATETIME) values (32,163,'1kg',10,8000,'Y',to_date('25/11/05','RR/MM/DD'),to_date('25/11/05','RR/MM/DD'));
Insert into SYSTEM.PRODUCT_OPTION (OPTION_NO,PRODUCT_NO,UNIT,STOCK_QTY,ADD_PRICE,IS_ACTIVE,CDATETIME,UDATETIME) values (33,163,'2kg',5,16000,'Y',to_date('25/11/05','RR/MM/DD'),to_date('25/11/05','RR/MM/DD'));
Insert into SYSTEM.PRODUCT_OPTION (OPTION_NO,PRODUCT_NO,UNIT,STOCK_QTY,ADD_PRICE,IS_ACTIVE,CDATETIME,UDATETIME) values (34,164,'500g',15,0,'Y',to_date('25/11/05','RR/MM/DD'),to_date('25/11/05','RR/MM/DD'));
Insert into SYSTEM.PRODUCT_OPTION (OPTION_NO,PRODUCT_NO,UNIT,STOCK_QTY,ADD_PRICE,IS_ACTIVE,CDATETIME,UDATETIME) values (35,164,'1kg',10,8000,'Y',to_date('25/11/05','RR/MM/DD'),to_date('25/11/05','RR/MM/DD'));
Insert into SYSTEM.PRODUCT_OPTION (OPTION_NO,PRODUCT_NO,UNIT,STOCK_QTY,ADD_PRICE,IS_ACTIVE,CDATETIME,UDATETIME) values (36,164,'2kg',5,16000,'Y',to_date('25/11/05','RR/MM/DD'),to_date('25/11/05','RR/MM/DD'));
Insert into SYSTEM.PRODUCT_OPTION (OPTION_NO,PRODUCT_NO,UNIT,STOCK_QTY,ADD_PRICE,IS_ACTIVE,CDATETIME,UDATETIME) values (37,168,'500g',20,0,'Y',to_date('25/11/05','RR/MM/DD'),to_date('25/11/05','RR/MM/DD'));
Insert into SYSTEM.PRODUCT_OPTION (OPTION_NO,PRODUCT_NO,UNIT,STOCK_QTY,ADD_PRICE,IS_ACTIVE,CDATETIME,UDATETIME) values (38,168,'1kg',10,7000,'Y',to_date('25/11/05','RR/MM/DD'),to_date('25/11/05','RR/MM/DD'));
Insert into SYSTEM.PRODUCT_OPTION (OPTION_NO,PRODUCT_NO,UNIT,STOCK_QTY,ADD_PRICE,IS_ACTIVE,CDATETIME,UDATETIME) values (39,168,'2kg',5,14000,'Y',to_date('25/11/05','RR/MM/DD'),to_date('25/11/05','RR/MM/DD'));
Insert into SYSTEM.PRODUCT_OPTION (OPTION_NO,PRODUCT_NO,UNIT,STOCK_QTY,ADD_PRICE,IS_ACTIVE,CDATETIME,UDATETIME) values (40,169,'500g',20,0,'Y',to_date('25/11/05','RR/MM/DD'),to_date('25/11/05','RR/MM/DD'));
Insert into SYSTEM.PRODUCT_OPTION (OPTION_NO,PRODUCT_NO,UNIT,STOCK_QTY,ADD_PRICE,IS_ACTIVE,CDATETIME,UDATETIME) values (41,169,'1kg',10,7000,'Y',to_date('25/11/05','RR/MM/DD'),to_date('25/11/05','RR/MM/DD'));
Insert into SYSTEM.PRODUCT_OPTION (OPTION_NO,PRODUCT_NO,UNIT,STOCK_QTY,ADD_PRICE,IS_ACTIVE,CDATETIME,UDATETIME) values (42,169,'2kg',5,14000,'Y',to_date('25/11/05','RR/MM/DD'),to_date('25/11/05','RR/MM/DD'));
Insert into SYSTEM.PRODUCT_OPTION (OPTION_NO,PRODUCT_NO,UNIT,STOCK_QTY,ADD_PRICE,IS_ACTIVE,CDATETIME,UDATETIME) values (43,174,'500g',20,0,'Y',to_date('25/11/05','RR/MM/DD'),to_date('25/11/05','RR/MM/DD'));
Insert into SYSTEM.PRODUCT_OPTION (OPTION_NO,PRODUCT_NO,UNIT,STOCK_QTY,ADD_PRICE,IS_ACTIVE,CDATETIME,UDATETIME) values (44,174,'1kg',10,7000,'Y',to_date('25/11/05','RR/MM/DD'),to_date('25/11/05','RR/MM/DD'));
Insert into SYSTEM.PRODUCT_OPTION (OPTION_NO,PRODUCT_NO,UNIT,STOCK_QTY,ADD_PRICE,IS_ACTIVE,CDATETIME,UDATETIME) values (45,174,'2kg',5,14000,'Y',to_date('25/11/05','RR/MM/DD'),to_date('25/11/05','RR/MM/DD'));
Insert into SYSTEM.PRODUCT_OPTION (OPTION_NO,PRODUCT_NO,UNIT,STOCK_QTY,ADD_PRICE,IS_ACTIVE,CDATETIME,UDATETIME) values (46,175,'500g',20,0,'Y',to_date('25/11/05','RR/MM/DD'),to_date('25/11/05','RR/MM/DD'));
Insert into SYSTEM.PRODUCT_OPTION (OPTION_NO,PRODUCT_NO,UNIT,STOCK_QTY,ADD_PRICE,IS_ACTIVE,CDATETIME,UDATETIME) values (47,175,'1kg',10,7000,'Y',to_date('25/11/05','RR/MM/DD'),to_date('25/11/05','RR/MM/DD'));
Insert into SYSTEM.PRODUCT_OPTION (OPTION_NO,PRODUCT_NO,UNIT,STOCK_QTY,ADD_PRICE,IS_ACTIVE,CDATETIME,UDATETIME) values (48,175,'2kg',5,14000,'Y',to_date('25/11/05','RR/MM/DD'),to_date('25/11/05','RR/MM/DD'));
Insert into SYSTEM.PRODUCT_OPTION (OPTION_NO,PRODUCT_NO,UNIT,STOCK_QTY,ADD_PRICE,IS_ACTIVE,CDATETIME,UDATETIME) values (49,178,'500g',20,0,'Y',to_date('25/11/05','RR/MM/DD'),to_date('25/11/05','RR/MM/DD'));
Insert into SYSTEM.PRODUCT_OPTION (OPTION_NO,PRODUCT_NO,UNIT,STOCK_QTY,ADD_PRICE,IS_ACTIVE,CDATETIME,UDATETIME) values (50,178,'1kg',10,5000,'Y',to_date('25/11/05','RR/MM/DD'),to_date('25/11/05','RR/MM/DD'));
Insert into SYSTEM.PRODUCT_OPTION (OPTION_NO,PRODUCT_NO,UNIT,STOCK_QTY,ADD_PRICE,IS_ACTIVE,CDATETIME,UDATETIME) values (51,178,'2kg',5,10000,'Y',to_date('25/11/05','RR/MM/DD'),to_date('25/11/05','RR/MM/DD'));
Insert into SYSTEM.PRODUCT_OPTION (OPTION_NO,PRODUCT_NO,UNIT,STOCK_QTY,ADD_PRICE,IS_ACTIVE,CDATETIME,UDATETIME) values (52,184,'500g',20,0,'Y',to_date('25/11/05','RR/MM/DD'),to_date('25/11/05','RR/MM/DD'));
Insert into SYSTEM.PRODUCT_OPTION (OPTION_NO,PRODUCT_NO,UNIT,STOCK_QTY,ADD_PRICE,IS_ACTIVE,CDATETIME,UDATETIME) values (53,184,'1kg',10,5000,'Y',to_date('25/11/05','RR/MM/DD'),to_date('25/11/05','RR/MM/DD'));
Insert into SYSTEM.PRODUCT_OPTION (OPTION_NO,PRODUCT_NO,UNIT,STOCK_QTY,ADD_PRICE,IS_ACTIVE,CDATETIME,UDATETIME) values (54,184,'2kg',5,10000,'Y',to_date('25/11/05','RR/MM/DD'),to_date('25/11/05','RR/MM/DD'));
Insert into SYSTEM.PRODUCT_OPTION (OPTION_NO,PRODUCT_NO,UNIT,STOCK_QTY,ADD_PRICE,IS_ACTIVE,CDATETIME,UDATETIME) values (55,186,'500g',25,0,'Y',to_date('25/11/05','RR/MM/DD'),to_date('25/11/05','RR/MM/DD'));
Insert into SYSTEM.PRODUCT_OPTION (OPTION_NO,PRODUCT_NO,UNIT,STOCK_QTY,ADD_PRICE,IS_ACTIVE,CDATETIME,UDATETIME) values (56,186,'1kg',10,7000,'Y',to_date('25/11/05','RR/MM/DD'),to_date('25/11/05','RR/MM/DD'));
Insert into SYSTEM.PRODUCT_OPTION (OPTION_NO,PRODUCT_NO,UNIT,STOCK_QTY,ADD_PRICE,IS_ACTIVE,CDATETIME,UDATETIME) values (57,186,'2kg',5,14000,'Y',to_date('25/11/05','RR/MM/DD'),to_date('25/11/05','RR/MM/DD'));
Insert into SYSTEM.PRODUCT_OPTION (OPTION_NO,PRODUCT_NO,UNIT,STOCK_QTY,ADD_PRICE,IS_ACTIVE,CDATETIME,UDATETIME) values (58,190,'500g',25,0,'Y',to_date('25/11/05','RR/MM/DD'),to_date('25/11/05','RR/MM/DD'));
Insert into SYSTEM.PRODUCT_OPTION (OPTION_NO,PRODUCT_NO,UNIT,STOCK_QTY,ADD_PRICE,IS_ACTIVE,CDATETIME,UDATETIME) values (59,190,'1kg',15,5000,'Y',to_date('25/11/05','RR/MM/DD'),to_date('25/11/05','RR/MM/DD'));
Insert into SYSTEM.PRODUCT_OPTION (OPTION_NO,PRODUCT_NO,UNIT,STOCK_QTY,ADD_PRICE,IS_ACTIVE,CDATETIME,UDATETIME) values (60,190,'2kg',5,10000,'Y',to_date('25/11/05','RR/MM/DD'),to_date('25/11/05','RR/MM/DD'));
Insert into SYSTEM.PRODUCT_OPTION (OPTION_NO,PRODUCT_NO,UNIT,STOCK_QTY,ADD_PRICE,IS_ACTIVE,CDATETIME,UDATETIME) values (61,192,'10장',50,0,'Y',to_date('25/11/05','RR/MM/DD'),to_date('25/11/05','RR/MM/DD'));
Insert into SYSTEM.PRODUCT_OPTION (OPTION_NO,PRODUCT_NO,UNIT,STOCK_QTY,ADD_PRICE,IS_ACTIVE,CDATETIME,UDATETIME) values (62,192,'30장',20,3000,'Y',to_date('25/11/05','RR/MM/DD'),to_date('25/11/05','RR/MM/DD'));
Insert into SYSTEM.PRODUCT_OPTION (OPTION_NO,PRODUCT_NO,UNIT,STOCK_QTY,ADD_PRICE,IS_ACTIVE,CDATETIME,UDATETIME) values (63,192,'50장',10,6000,'Y',to_date('25/11/05','RR/MM/DD'),to_date('25/11/05','RR/MM/DD'));
Insert into SYSTEM.PRODUCT_OPTION (OPTION_NO,PRODUCT_NO,UNIT,STOCK_QTY,ADD_PRICE,IS_ACTIVE,CDATETIME,UDATETIME) values (64,222,'10kg',20,0,'Y',to_date('25/11/05','RR/MM/DD'),to_date('25/11/10','RR/MM/DD'));
Insert into SYSTEM.PRODUCT_OPTION (OPTION_NO,PRODUCT_NO,UNIT,STOCK_QTY,ADD_PRICE,IS_ACTIVE,CDATETIME,UDATETIME) values (65,222,'20kg',10,8000,'Y',to_date('25/11/05','RR/MM/DD'),to_date('25/11/10','RR/MM/DD'));
Insert into SYSTEM.PRODUCT_OPTION (OPTION_NO,PRODUCT_NO,UNIT,STOCK_QTY,ADD_PRICE,IS_ACTIVE,CDATETIME,UDATETIME) values (66,222,'30kg',5,16000,'Y',to_date('25/11/05','RR/MM/DD'),to_date('25/11/10','RR/MM/DD'));
Insert into SYSTEM.PRODUCT_OPTION (OPTION_NO,PRODUCT_NO,UNIT,STOCK_QTY,ADD_PRICE,IS_ACTIVE,CDATETIME,UDATETIME) values (67,223,'불고기 500g',200,0,'Y',to_date('25/11/05','RR/MM/DD'),to_date('25/11/10','RR/MM/DD'));
Insert into SYSTEM.PRODUCT_OPTION (OPTION_NO,PRODUCT_NO,UNIT,STOCK_QTY,ADD_PRICE,IS_ACTIVE,CDATETIME,UDATETIME) values (68,223,'국거리 500g',180,1000,'Y',to_date('25/11/05','RR/MM/DD'),to_date('25/11/10','RR/MM/DD'));
Insert into SYSTEM.PRODUCT_OPTION (OPTION_NO,PRODUCT_NO,UNIT,STOCK_QTY,ADD_PRICE,IS_ACTIVE,CDATETIME,UDATETIME) values (69,223,'등심 300g',120,15000,'Y',to_date('25/11/05','RR/MM/DD'),to_date('25/11/10','RR/MM/DD'));
Insert into SYSTEM.PRODUCT_OPTION (OPTION_NO,PRODUCT_NO,UNIT,STOCK_QTY,ADD_PRICE,IS_ACTIVE,CDATETIME,UDATETIME) values (70,227,'5kg',15,0,'Y',to_date('25/11/05','RR/MM/DD'),to_date('25/11/05','RR/MM/DD'));
Insert into SYSTEM.PRODUCT_OPTION (OPTION_NO,PRODUCT_NO,UNIT,STOCK_QTY,ADD_PRICE,IS_ACTIVE,CDATETIME,UDATETIME) values (71,227,'10kg',10,3000,'Y',to_date('25/11/05','RR/MM/DD'),to_date('25/11/05','RR/MM/DD'));
Insert into SYSTEM.PRODUCT_OPTION (OPTION_NO,PRODUCT_NO,UNIT,STOCK_QTY,ADD_PRICE,IS_ACTIVE,CDATETIME,UDATETIME) values (72,227,'20kg',5,8000,'Y',to_date('25/11/05','RR/MM/DD'),to_date('25/11/05','RR/MM/DD'));
Insert into SYSTEM.PRODUCT_OPTION (OPTION_NO,PRODUCT_NO,UNIT,STOCK_QTY,ADD_PRICE,IS_ACTIVE,CDATETIME,UDATETIME) values (73,228,'5kg',15,0,'Y',to_date('25/11/05','RR/MM/DD'),to_date('25/11/05','RR/MM/DD'));
Insert into SYSTEM.PRODUCT_OPTION (OPTION_NO,PRODUCT_NO,UNIT,STOCK_QTY,ADD_PRICE,IS_ACTIVE,CDATETIME,UDATETIME) values (74,228,'10kg',10,3000,'Y',to_date('25/11/05','RR/MM/DD'),to_date('25/11/05','RR/MM/DD'));
Insert into SYSTEM.PRODUCT_OPTION (OPTION_NO,PRODUCT_NO,UNIT,STOCK_QTY,ADD_PRICE,IS_ACTIVE,CDATETIME,UDATETIME) values (75,228,'20kg',5,8000,'Y',to_date('25/11/05','RR/MM/DD'),to_date('25/11/05','RR/MM/DD'));
Insert into SYSTEM.PRODUCT_OPTION (OPTION_NO,PRODUCT_NO,UNIT,STOCK_QTY,ADD_PRICE,IS_ACTIVE,CDATETIME,UDATETIME) values (76,229,'5kg',15,0,'Y',to_date('25/11/05','RR/MM/DD'),to_date('25/11/05','RR/MM/DD'));
Insert into SYSTEM.PRODUCT_OPTION (OPTION_NO,PRODUCT_NO,UNIT,STOCK_QTY,ADD_PRICE,IS_ACTIVE,CDATETIME,UDATETIME) values (77,229,'10kg',10,3000,'Y',to_date('25/11/05','RR/MM/DD'),to_date('25/11/05','RR/MM/DD'));
Insert into SYSTEM.PRODUCT_OPTION (OPTION_NO,PRODUCT_NO,UNIT,STOCK_QTY,ADD_PRICE,IS_ACTIVE,CDATETIME,UDATETIME) values (78,229,'20kg',5,8000,'Y',to_date('25/11/05','RR/MM/DD'),to_date('25/11/05','RR/MM/DD'));
Insert into SYSTEM.PRODUCT_OPTION (OPTION_NO,PRODUCT_NO,UNIT,STOCK_QTY,ADD_PRICE,IS_ACTIVE,CDATETIME,UDATETIME) values (79,230,'5kg',15,0,'Y',to_date('25/11/05','RR/MM/DD'),to_date('25/11/05','RR/MM/DD'));
Insert into SYSTEM.PRODUCT_OPTION (OPTION_NO,PRODUCT_NO,UNIT,STOCK_QTY,ADD_PRICE,IS_ACTIVE,CDATETIME,UDATETIME) values (80,230,'10kg',10,3000,'Y',to_date('25/11/05','RR/MM/DD'),to_date('25/11/05','RR/MM/DD'));
Insert into SYSTEM.PRODUCT_OPTION (OPTION_NO,PRODUCT_NO,UNIT,STOCK_QTY,ADD_PRICE,IS_ACTIVE,CDATETIME,UDATETIME) values (81,230,'20kg',5,8000,'Y',to_date('25/11/05','RR/MM/DD'),to_date('25/11/05','RR/MM/DD'));
Insert into SYSTEM.PRODUCT_OPTION (OPTION_NO,PRODUCT_NO,UNIT,STOCK_QTY,ADD_PRICE,IS_ACTIVE,CDATETIME,UDATETIME) values (182,246,'500G',10,0,'Y',to_date('25/11/10','RR/MM/DD'),to_date('25/11/10','RR/MM/DD'));
Insert into SYSTEM.PRODUCT_OPTION (OPTION_NO,PRODUCT_NO,UNIT,STOCK_QTY,ADD_PRICE,IS_ACTIVE,CDATETIME,UDATETIME) values (183,246,'1KG',20,5000,'Y',to_date('25/11/10','RR/MM/DD'),to_date('25/11/10','RR/MM/DD'));
Insert into SYSTEM.PRODUCT_OPTION (OPTION_NO,PRODUCT_NO,UNIT,STOCK_QTY,ADD_PRICE,IS_ACTIVE,CDATETIME,UDATETIME) values (186,248,'1KG',20,5000,'Y',to_date('25/11/10','RR/MM/DD'),to_date('25/11/10','RR/MM/DD'));
Insert into SYSTEM.PRODUCT_OPTION (OPTION_NO,PRODUCT_NO,UNIT,STOCK_QTY,ADD_PRICE,IS_ACTIVE,CDATETIME,UDATETIME) values (187,248,'500G',10,0,'Y',to_date('25/11/10','RR/MM/DD'),to_date('25/11/10','RR/MM/DD'));
Insert into SYSTEM.PRODUCT_OPTION (OPTION_NO,PRODUCT_NO,UNIT,STOCK_QTY,ADD_PRICE,IS_ACTIVE,CDATETIME,UDATETIME) values (188,249,'1KG',20,5000,'Y',to_date('25/11/10','RR/MM/DD'),to_date('25/11/10','RR/MM/DD'));
Insert into SYSTEM.PRODUCT_OPTION (OPTION_NO,PRODUCT_NO,UNIT,STOCK_QTY,ADD_PRICE,IS_ACTIVE,CDATETIME,UDATETIME) values (189,249,'500G',10,0,'Y',to_date('25/11/10','RR/MM/DD'),to_date('25/11/10','RR/MM/DD'));
Insert into SYSTEM.PRODUCT_OPTION (OPTION_NO,PRODUCT_NO,UNIT,STOCK_QTY,ADD_PRICE,IS_ACTIVE,CDATETIME,UDATETIME) values (190,250,'1KG',20,5000,'Y',to_date('25/11/10','RR/MM/DD'),to_date('25/11/10','RR/MM/DD'));
Insert into SYSTEM.PRODUCT_OPTION (OPTION_NO,PRODUCT_NO,UNIT,STOCK_QTY,ADD_PRICE,IS_ACTIVE,CDATETIME,UDATETIME) values (191,250,'500G',10,0,'Y',to_date('25/11/10','RR/MM/DD'),to_date('25/11/10','RR/MM/DD'));
REM INSERTING into SYSTEM.PRODUCT_QNA
SET DEFINE OFF;
Insert into SYSTEM.PRODUCT_QNA (QNA_NO,PRODUCT_NO,USER_ID,TITLE,CONTENT,IS_SECRET,PASSWORD,STATUS,CNT,CDATETIME,UDATETIME) values (1,222,'user07','도정일자와 포장 상태가 궁금해요','햅쌀이라 그런지 포장 상태가 중요한데, 도정일자랑 포장 방식이 궁금합니다.','N',null,'답변완료',16,to_date('25/11/03','RR/MM/DD'),to_date('25/11/03','RR/MM/DD'));
Insert into SYSTEM.PRODUCT_QNA (QNA_NO,PRODUCT_NO,USER_ID,TITLE,CONTENT,IS_SECRET,PASSWORD,STATUS,CNT,CDATETIME,UDATETIME) values (2,124,'tjdals3790','시금치 맛있나요','별로 맛없어 보이는데 맛있을까요','Y','123','대기',2,to_date('25/11/03','RR/MM/DD'),to_date('25/11/03','RR/MM/DD'));
Insert into SYSTEM.PRODUCT_QNA (QNA_NO,PRODUCT_NO,USER_ID,TITLE,CONTENT,IS_SECRET,PASSWORD,STATUS,CNT,CDATETIME,UDATETIME) values (22,223,'tjdals3790','이거 맛있을까요','이거 한우일지라도 맛이 있을까요','Y','123','답변대기',0,to_date('25/11/05','RR/MM/DD'),to_date('25/11/05','RR/MM/DD'));
Insert into SYSTEM.PRODUCT_QNA (QNA_NO,PRODUCT_NO,USER_ID,TITLE,CONTENT,IS_SECRET,PASSWORD,STATUS,CNT,CDATETIME,UDATETIME) values (45,201,'kakao_4525634675@social.local','421412','4124241','N',null,'답변대기',4,to_date('25/11/07','RR/MM/DD'),to_date('25/11/07','RR/MM/DD'));
Insert into SYSTEM.PRODUCT_QNA (QNA_NO,PRODUCT_NO,USER_ID,TITLE,CONTENT,IS_SECRET,PASSWORD,STATUS,CNT,CDATETIME,UDATETIME) values (24,223,'tjdals3790','할인은 안하나요','이거 너무 비싼데 할인은 안하나요','Y','1234','답변대기',2,to_date('25/11/05','RR/MM/DD'),to_date('25/11/05','RR/MM/DD'));
Insert into SYSTEM.PRODUCT_QNA (QNA_NO,PRODUCT_NO,USER_ID,TITLE,CONTENT,IS_SECRET,PASSWORD,STATUS,CNT,CDATETIME,UDATETIME) values (41,135,'kakao_4525634675@social.local','이 바나나는 베트남 어디지역에서 열린거에요?','궁금하네요!','N',null,'답변대기',5,to_date('25/11/07','RR/MM/DD'),to_date('25/11/07','RR/MM/DD'));
Insert into SYSTEM.PRODUCT_QNA (QNA_NO,PRODUCT_NO,USER_ID,TITLE,CONTENT,IS_SECRET,PASSWORD,STATUS,CNT,CDATETIME,UDATETIME) values (42,135,'kakao_4525634675@social.local','바나나먹으면','나한테 바나나','N',null,'답변대기',7,to_date('25/11/07','RR/MM/DD'),to_date('25/11/07','RR/MM/DD'));
Insert into SYSTEM.PRODUCT_QNA (QNA_NO,PRODUCT_NO,USER_ID,TITLE,CONTENT,IS_SECRET,PASSWORD,STATUS,CNT,CDATETIME,UDATETIME) values (43,112,'kakao_4525634675@social.local','쌀이 참 찹쌀찹쌀하네요','맛있습니다','N',null,'답변대기',10,to_date('25/11/07','RR/MM/DD'),to_date('25/11/07','RR/MM/DD'));
Insert into SYSTEM.PRODUCT_QNA (QNA_NO,PRODUCT_NO,USER_ID,TITLE,CONTENT,IS_SECRET,PASSWORD,STATUS,CNT,CDATETIME,UDATETIME) values (44,225,'kakao_4525634675@social.local','정말 가성비가 좋네요','굿굿','N',null,'답변대기',12,to_date('25/11/07','RR/MM/DD'),to_date('25/11/07','RR/MM/DD'));
Insert into SYSTEM.PRODUCT_QNA (QNA_NO,PRODUCT_NO,USER_ID,TITLE,CONTENT,IS_SECRET,PASSWORD,STATUS,CNT,CDATETIME,UDATETIME) values (21,223,'tjdals3790','이거 진짜 한우인가요','진짜 한우인가요?','Y','123','답변완료',1,to_date('25/11/05','RR/MM/DD'),to_date('25/11/05','RR/MM/DD'));
Insert into SYSTEM.PRODUCT_QNA (QNA_NO,PRODUCT_NO,USER_ID,TITLE,CONTENT,IS_SECRET,PASSWORD,STATUS,CNT,CDATETIME,UDATETIME) values (23,223,'tjdals3790','가격이 왜 이렇게 비싼가요','너무 비싸요','N','123','답변대기',14,to_date('25/11/05','RR/MM/DD'),to_date('25/11/05','RR/MM/DD'));
Insert into SYSTEM.PRODUCT_QNA (QNA_NO,PRODUCT_NO,USER_ID,TITLE,CONTENT,IS_SECRET,PASSWORD,STATUS,CNT,CDATETIME,UDATETIME) values (46,222,'tjdals3790','햅쌀이 뭔가요','햅쌀이 뭔지 궁금하네요','N',null,'답변대기',4,to_date('25/11/07','RR/MM/DD'),to_date('25/11/07','RR/MM/DD'));
Insert into SYSTEM.PRODUCT_QNA (QNA_NO,PRODUCT_NO,USER_ID,TITLE,CONTENT,IS_SECRET,PASSWORD,STATUS,CNT,CDATETIME,UDATETIME) values (61,243,'tjdals3790','광천이 어디인가요?','광천 처음들어보는데','Y','123','답변대기',5,to_date('25/11/10','RR/MM/DD'),to_date('25/11/10','RR/MM/DD'));
REM INSERTING into SYSTEM.PRODUCT_QNA_ANSWER
SET DEFINE OFF;
Insert into SYSTEM.PRODUCT_QNA_ANSWER (ANSWER_NO,QNA_NO,SELLER_ID,CONTENT,CDATETIME,UDATETIME) values (1,1,'seller03','안녕하세요! AGRICOLA 판매자입니다. 주문하신 햅쌀은 주문 시점 기준 3일 이내 도정된 신선한 쌀로, 밀봉 포장되어 안전하게 발송됩니다 😊',to_date('25/11/03','RR/MM/DD'),to_date('25/11/03','RR/MM/DD'));
Insert into SYSTEM.PRODUCT_QNA_ANSWER (ANSWER_NO,QNA_NO,SELLER_ID,CONTENT,CDATETIME,UDATETIME) values (2,2,'agricola13','진짜 맛있습니다 믿고 사세요',to_date('25/11/03','RR/MM/DD'),to_date('25/11/03','RR/MM/DD'));
Insert into SYSTEM.PRODUCT_QNA_ANSWER (ANSWER_NO,QNA_NO,SELLER_ID,CONTENT,CDATETIME,UDATETIME) values (41,23,'seller15','이정도면 싼겁니다',to_date('25/11/07','RR/MM/DD'),to_date('25/11/07','RR/MM/DD'));
Insert into SYSTEM.PRODUCT_QNA_ANSWER (ANSWER_NO,QNA_NO,SELLER_ID,CONTENT,CDATETIME,UDATETIME) values (21,21,'seller15','진짜 횡성 한우입니다 믿고 사시면 됩니다',to_date('25/11/05','RR/MM/DD'),to_date('25/11/05','RR/MM/DD'));
REM INSERTING into SYSTEM.REFUND
SET DEFINE OFF;
Insert into SYSTEM.REFUND (REFUND_NO,ORDER_ITEM_NO,REFUND_AMOUNT,REASON,STATUS,REQUESTED_AT,COMPLETED_AT) values (5,54,1,'ㅇ','승인',to_date('25/11/10','RR/MM/DD'),to_date('25/11/10','RR/MM/DD'));
Insert into SYSTEM.REFUND (REFUND_NO,ORDER_ITEM_NO,REFUND_AMOUNT,REASON,STATUS,REQUESTED_AT,COMPLETED_AT) values (3,51,1,'ㅇㅇ','승인',to_date('25/11/10','RR/MM/DD'),to_date('25/11/10','RR/MM/DD'));
REM INSERTING into SYSTEM.REVIEW
SET DEFINE OFF;
Insert into SYSTEM.REVIEW (REVIEW_NO,RATING,RECOMMEND,CONTENT,CREATED_AT,USER_ID,PRODUCT_NO,ORDER_ITEM_NO,UDATETIME) values (7,4,0,'썩 괜찮은 재래김입니다',to_date('25/11/10','RR/MM/DD'),'tjdals3790',243,52,to_date('25/11/10','RR/MM/DD'));
Insert into SYSTEM.REVIEW (REVIEW_NO,RATING,RECOMMEND,CONTENT,CREATED_AT,USER_ID,PRODUCT_NO,ORDER_ITEM_NO,UDATETIME) values (8,5,0,'다시 한번 주문하여 먹었는데... 역시 여전히 맛이 좋습니다.',to_date('25/11/10','RR/MM/DD'),'testmap03',223,47,to_date('25/11/10','RR/MM/DD'));
Insert into SYSTEM.REVIEW (REVIEW_NO,RATING,RECOMMEND,CONTENT,CREATED_AT,USER_ID,PRODUCT_NO,ORDER_ITEM_NO,UDATETIME) values (9,5,0,'쌀이 너무 좋아 매번 시키고 있어요',to_date('25/11/11','RR/MM/DD'),'gurwns9035',222,58,to_date('25/11/11','RR/MM/DD'));
Insert into SYSTEM.REVIEW (REVIEW_NO,RATING,RECOMMEND,CONTENT,CREATED_AT,USER_ID,PRODUCT_NO,ORDER_ITEM_NO,UDATETIME) values (6,5,0,'간만에 고기같은 고기였습니다.',to_date('25/11/06','RR/MM/DD'),'testmap03',223,47,to_date('25/11/06','RR/MM/DD'));
Insert into SYSTEM.REVIEW (REVIEW_NO,RATING,RECOMMEND,CONTENT,CREATED_AT,USER_ID,PRODUCT_NO,ORDER_ITEM_NO,UDATETIME) values (5,5,0,'테스트 테스트 테스트 10자',to_date('25/11/04','RR/MM/DD'),'test01',210,45,to_date('25/11/04','RR/MM/DD'));
Insert into SYSTEM.REVIEW (REVIEW_NO,RATING,RECOMMEND,CONTENT,CREATED_AT,USER_ID,PRODUCT_NO,ORDER_ITEM_NO,UDATETIME) values (2,5,2,'정말 맛있는 한우입니다',to_date('25/11/04','RR/MM/DD'),'tjdals3790',223,46,to_date('25/11/04','RR/MM/DD'));
Insert into SYSTEM.REVIEW (REVIEW_NO,RATING,RECOMMEND,CONTENT,CREATED_AT,USER_ID,PRODUCT_NO,ORDER_ITEM_NO,UDATETIME) values (3,1,0,'정말 별로인 한우네요',to_date('25/11/04','RR/MM/DD'),'testmap03',223,47,to_date('25/11/04','RR/MM/DD'));
REM INSERTING into SYSTEM.REVIEW_COMMENT
SET DEFINE OFF;
Insert into SYSTEM.REVIEW_COMMENT (COMMENT_NO,REVIEW_NO,USER_ID,CONTENTS,CDATETIME,UDATETIME) values (2,3,'seller15','더 노력하겠습니다..',to_date('25/11/06','RR/MM/DD'),to_date('25/11/06','RR/MM/DD'));
Insert into SYSTEM.REVIEW_COMMENT (COMMENT_NO,REVIEW_NO,USER_ID,CONTENTS,CDATETIME,UDATETIME) values (5,6,'seller15','항상 좋은 한우를 드리겠습니다',to_date('25/11/10','RR/MM/DD'),to_date('25/11/10','RR/MM/DD'));
REM INSERTING into SYSTEM.REVIEW_IMAGE
SET DEFINE OFF;
Insert into SYSTEM.REVIEW_IMAGE (IMAGE_NO,REVIEW_NO,CDATETIME,UDATETIME) values (3,5,to_date('25/11/04','RR/MM/DD'),to_date('25/11/04','RR/MM/DD'));
REM INSERTING into SYSTEM.REVIEW_RECOMMEND
SET DEFINE OFF;
Insert into SYSTEM.REVIEW_RECOMMEND (USER_ID,REVIEW_NO,CDATETIME) values ('sinso5281532@gmail.com',2,to_date('25/11/05','RR/MM/DD'));
Insert into SYSTEM.REVIEW_RECOMMEND (USER_ID,REVIEW_NO,CDATETIME) values ('test01',2,to_date('25/11/05','RR/MM/DD'));
REM INSERTING into SYSTEM.SELLER_INFO
SET DEFINE OFF;
Insert into SYSTEM.SELLER_INFO (USER_ID,BUSINESS_NAME,BUSINESS_LI,VERIFIED,BUSINESS_NUMBER,ACCOUNT,BANKNAME,LAT,LNG,PROFILE_IMG) values ('seller15','부평역농가','/resources/uploads/licenses/202511411115706.jpg','Y',1234567890,'123-456-789012','농협은행ㅇ',37.490283,126.719139,'/resources/uploads/profileImg/logoAll.png');
Insert into SYSTEM.SELLER_INFO (USER_ID,BUSINESS_NAME,BUSINESS_LI,VERIFIED,BUSINESS_NUMBER,ACCOUNT,BANKNAME,LAT,LNG,PROFILE_IMG) values ('testsellersms1','늘푸른농가','/resources/uploads/licenses/20251164025483.jpg','N',9988776655,'12123123456','SC제일은행',35.465549,128.786406,'/resources/uploads/profile/profile_testsellersms1_20251164025486.jpg');
Insert into SYSTEM.SELLER_INFO (USER_ID,BUSINESS_NAME,BUSINESS_LI,VERIFIED,BUSINESS_NUMBER,ACCOUNT,BANKNAME,LAT,LNG,PROFILE_IMG) values ('seller99','강원도최고농가','/resources/uploads/licenses/202511101139683.jpg','Y',9988776655,'010101010101','토스뱅크',37.753223,128.875444,'/resources/uploads/profile/profile_seller99_202511101139686.jpg');
Insert into SYSTEM.SELLER_INFO (USER_ID,BUSINESS_NAME,BUSINESS_LI,VERIFIED,BUSINESS_NUMBER,ACCOUNT,BANKNAME,LAT,LNG,PROFILE_IMG) values ('testseller1','백서방김치','/resources/uploads/licenses/202511604832108.jpg','Y',1234567890,'94949400949494','국민은행',34.786553,127.750359,null);
Insert into SYSTEM.SELLER_INFO (USER_ID,BUSINESS_NAME,BUSINESS_LI,VERIFIED,BUSINESS_NUMBER,ACCOUNT,BANKNAME,LAT,LNG,PROFILE_IMG) values ('seller20','예산사과농가','/resources/uploads/licenses/20251110111128249.jpg','Y',8877445566,'121212121212','농협은행',36.679091,126.846124,'/resources/uploads/profile/profile_seller20_20251110111128250.jpg');
Insert into SYSTEM.SELLER_INFO (USER_ID,BUSINESS_NAME,BUSINESS_LI,VERIFIED,BUSINESS_NUMBER,ACCOUNT,BANKNAME,LAT,LNG,PROFILE_IMG) values ('seller03','햇살농장','/resources/uploads/licenses/seller02.png','Y',9876543210,'820101-04-567890','국민은행',37.559819,126.986327,'/resources/uploads/profileImg/logoAll.png');
Insert into SYSTEM.SELLER_INFO (USER_ID,BUSINESS_NAME,BUSINESS_LI,VERIFIED,BUSINESS_NUMBER,ACCOUNT,BANKNAME,LAT,LNG,PROFILE_IMG) values ('testseller2','행복한농가','/resources/uploads/licenses/2025116181290.jpg','N',9876543210,'1234567890','우리은행',38.198698,128.594137,'/resources/uploads/profile/profile_testseller2_2025116181294.png');
Insert into SYSTEM.SELLER_INFO (USER_ID,BUSINESS_NAME,BUSINESS_LI,VERIFIED,BUSINESS_NUMBER,ACCOUNT,BANKNAME,LAT,LNG,PROFILE_IMG) values ('seller21','광천판매자','/resources/uploads/licenses/20251110111839974.jpg','Y',1122334455,'94949494949494','국민은행',36.500017,126.62366,'/resources/uploads/profile/profile_seller21_20251110111839975.jpg');
Insert into SYSTEM.SELLER_INFO (USER_ID,BUSINESS_NAME,BUSINESS_LI,VERIFIED,BUSINESS_NUMBER,ACCOUNT,BANKNAME,LAT,LNG,PROFILE_IMG) values ('seller01','땅끝마을 싱싱농장','/uploads/license/seller01.jpg','Y',1234567890,'110-123-456789','신한은행',34.543092,126.610765,'/resources/uploads/profileImg/logoAll.png');
Insert into SYSTEM.SELLER_INFO (USER_ID,BUSINESS_NAME,BUSINESS_LI,VERIFIED,BUSINESS_NUMBER,ACCOUNT,BANKNAME,LAT,LNG,PROFILE_IMG) values ('seller02','바른농가','1111111111','N',1111111111,'909090-00-9090909','KB국민은행',34.5732,126.5985,'/resources/uploads/profileImg/logoAll.png');
Insert into SYSTEM.SELLER_INFO (USER_ID,BUSINESS_NAME,BUSINESS_LI,VERIFIED,BUSINESS_NUMBER,ACCOUNT,BANKNAME,LAT,LNG,PROFILE_IMG) values ('test01','진짜농가','/resources/uploads/licenses/202592831826136.jpg','N',1010101010,'101010','shinhan',37.3701,128.3926,'/resources/uploads/profileImg/logoAll.png');
Insert into SYSTEM.SELLER_INFO (USER_ID,BUSINESS_NAME,BUSINESS_LI,VERIFIED,BUSINESS_NUMBER,ACCOUNT,BANKNAME,LAT,LNG,PROFILE_IMG) values ('seller06','최고농가','/resources/uploads/licenses/202592902311864.png','N',1234567890,'94949494949494','국민은행',37.2722,127.4357,'/resources/uploads/profileImg/logoAll.png');
Insert into SYSTEM.SELLER_INFO (USER_ID,BUSINESS_NAME,BUSINESS_LI,VERIFIED,BUSINESS_NUMBER,ACCOUNT,BANKNAME,LAT,LNG,PROFILE_IMG) values ('test123','최강농가','/resources/uploads/licenses/202592902630473.png','N',1234567890,'1234567890','국민은행',36.187,127.0989,'/resources/uploads/profileImg/logoAll.png');
REM INSERTING into SYSTEM.USERS
SET DEFINE OFF;
Insert into SYSTEM.USERS (USER_ID,EMAIL,PASSWORD,NAME,PHONE,USER_ROLE,ADDRESS,CDATETIME,UDATETIME,LAT,LNG,STATUS,USER_BIRTH,USER_GENDER) values ('test01','test@naver.com','$2a$10$a5bgCohjjiIlaK6zildC0uhKDDgNHgSacDzrMftC2wDRXFBblgSUm','테스트','01012345678','BUYER','강원특별자치도 평창군 평창읍 송학로 71',to_date('25/10/28','RR/MM/DD'),to_date('25/11/04','RR/MM/DD'),null,null,'ACTIVE',to_date('70/05/28','RR/MM/DD'),'F');
Insert into SYSTEM.USERS (USER_ID,EMAIL,PASSWORD,NAME,PHONE,USER_ROLE,ADDRESS,CDATETIME,UDATETIME,LAT,LNG,STATUS,USER_BIRTH,USER_GENDER) values ('testman01','testman@testman.com','$2a$10$au55jNoGqeh1A5Pqx1FcQ.tUTgBfR4GhVe/n0DCsufbk9a8Ce0VV2','유재석','01012345678','BUYER','인천광역시 부평구 경원대로 1366, 123 (부평동)',to_date('25/11/06','RR/MM/DD'),to_date('25/11/06','RR/MM/DD'),0,0,'ACTIVE',to_date('98/09/05','RR/MM/DD'),'M');
Insert into SYSTEM.USERS (USER_ID,EMAIL,PASSWORD,NAME,PHONE,USER_ROLE,ADDRESS,CDATETIME,UDATETIME,LAT,LNG,STATUS,USER_BIRTH,USER_GENDER) values ('vksaowk1234','vksaowk1234@naver.com','$2a$10$g.ReK2qDc9G/a89kjvQPUOTVUxZhAs8.VLEqMcVq.HbMs4gK1cUAm','판자매','01055686621','SELLER','서울특별시 종로구 청와대로 1, 청와대사무실 (세종로)',to_date('25/11/10','RR/MM/DD'),to_date('25/11/10','RR/MM/DD'),37.586476,126.974937,'ACTIVE',to_date('88/02/02','RR/MM/DD'),'M');
Insert into SYSTEM.USERS (USER_ID,EMAIL,PASSWORD,NAME,PHONE,USER_ROLE,ADDRESS,CDATETIME,UDATETIME,LAT,LNG,STATUS,USER_BIRTH,USER_GENDER) values ('user01','test@gmail.com','userpass01','홍길동','01012345678','BUYER','인천광역시 부평구',to_date('25/10/24','RR/MM/DD'),to_date('25/10/24','RR/MM/DD'),null,null,'ACTIVE',to_date('63/10/15','RR/MM/DD'),'F');
Insert into SYSTEM.USERS (USER_ID,EMAIL,PASSWORD,NAME,PHONE,USER_ROLE,ADDRESS,CDATETIME,UDATETIME,LAT,LNG,STATUS,USER_BIRTH,USER_GENDER) values ('testsms1','testsms@testsms.com','$2a$10$mwgd5tkDqLqWNnC9glfwzuXZJtu/BzZZYtiLkTl3odAgyappQLhLW','문자테스트','01040543790','BUYER','경기도 부천시 소사구 송내대로 14, 1층 (송내동, 송내역 파인 푸르지오 2단지)',to_date('25/11/06','RR/MM/DD'),to_date('25/11/06','RR/MM/DD'),37.484511,126.753553,'ACTIVE',to_date('87/06/10','RR/MM/DD'),'F');
Insert into SYSTEM.USERS (USER_ID,EMAIL,PASSWORD,NAME,PHONE,USER_ROLE,ADDRESS,CDATETIME,UDATETIME,LAT,LNG,STATUS,USER_BIRTH,USER_GENDER) values ('kakao_4525634675@social.local','kakao_4525634675@social.local',null,'박연수','01055686621','BUYER','소셜 로그인 사용자',to_date('25/11/03','RR/MM/DD'),to_date('25/11/10','RR/MM/DD'),null,null,'ACTIVE',null,null);
Insert into SYSTEM.USERS (USER_ID,EMAIL,PASSWORD,NAME,PHONE,USER_ROLE,ADDRESS,CDATETIME,UDATETIME,LAT,LNG,STATUS,USER_BIRTH,USER_GENDER) values ('seller15','seller15@seller15.com','$2a$10$3xc2OS553QkzP6nP3t/OQ.tsgIvMnOt.6P8EToTHVhlNBFZMmIGUu','부평역판매자','010-1234-5679','SELLER','인천광역시 부평구 경원대로1344번길 34, 1층 (부평동)',to_date('25/11/04','RR/MM/DD'),to_date('25/11/07','RR/MM/DD'),37.490283,126.719139,'ACTIVE',to_date('47/01/07','RR/MM/DD'),'M');
Insert into SYSTEM.USERS (USER_ID,EMAIL,PASSWORD,NAME,PHONE,USER_ROLE,ADDRESS,CDATETIME,UDATETIME,LAT,LNG,STATUS,USER_BIRTH,USER_GENDER) values ('testsellersms1','testseller@testseller.com','$2a$10$aBSnytU9MQ2ypIXvzaKiXO.1Z3NemfFH1LnbzQ2AhAhqkLnm4fBKK','판매자문자','01040543790','SELLER','경상남도 밀양시 삼랑진로 1579, 1층 (남포동)',to_date('25/11/06','RR/MM/DD'),to_date('25/11/06','RR/MM/DD'),35.465549,128.786406,'ACTIVE',to_date('85/03/13','RR/MM/DD'),'M');
Insert into SYSTEM.USERS (USER_ID,EMAIL,PASSWORD,NAME,PHONE,USER_ROLE,ADDRESS,CDATETIME,UDATETIME,LAT,LNG,STATUS,USER_BIRTH,USER_GENDER) values ('buyer02','buyer02@buyer02.com','$2a$10$0GTqM2N7c8ScQ3t.03V3d.nlk4VGrlq5DRFikvhww28xal89OSv6C','홍길동','01040543790','BUYER','충청남도 예산군 예산읍 군청로3길 16, 1층 (예산행정타운 신동아파밀리에)',to_date('25/11/11','RR/MM/DD'),to_date('25/11/11','RR/MM/DD'),36.681845,126.843959,'ACTIVE',to_date('02/02/13','RR/MM/DD'),'M');
Insert into SYSTEM.USERS (USER_ID,EMAIL,PASSWORD,NAME,PHONE,USER_ROLE,ADDRESS,CDATETIME,UDATETIME,LAT,LNG,STATUS,USER_BIRTH,USER_GENDER) values ('asdsf123','test@naver.com','$2a$10$0d6aWNEJQm5mZQl93EGSteyC7neDWI/8u5jVlnKtEus32nXt20V4m','박영희','010-1154-3213','BUYER','인천광역시 부평구 경인로1024번길 21, 123 (부개동, e편한세상 부평역 어반루체)',to_date('25/10/27','RR/MM/DD'),to_date('25/10/27','RR/MM/DD'),null,null,'ACTIVE',to_date('31/06/12','RR/MM/DD'),'M');
Insert into SYSTEM.USERS (USER_ID,EMAIL,PASSWORD,NAME,PHONE,USER_ROLE,ADDRESS,CDATETIME,UDATETIME,LAT,LNG,STATUS,USER_BIRTH,USER_GENDER) values ('test1234','test@test.com','$2a$10$n6VIDe33Md29QfmHgqyKP./3CVkYLlK28DDEJuA6LbAESE8yUDKeC','아무개','01011112222','BUYER','인천광역시 부평구 경원대로 1366, 123 (부평동)',to_date('25/10/30','RR/MM/DD'),to_date('25/10/30','RR/MM/DD'),0,0,'ACTIVE',to_date('23/07/09','RR/MM/DD'),'M');
Insert into SYSTEM.USERS (USER_ID,EMAIL,PASSWORD,NAME,PHONE,USER_ROLE,ADDRESS,CDATETIME,UDATETIME,LAT,LNG,STATUS,USER_BIRTH,USER_GENDER) values ('seller03','test@test.com','$2a$10$oRiPyAUJaHvRTJhH5z0soeqrXiIQ5TgNWnsiS5wj9ti5K6a17QrCi','판매자임','010-1234-1245','SELLER','서울특별시 중구 퇴계로22길 17',to_date('25/10/29','RR/MM/DD'),to_date('25/10/29','RR/MM/DD'),null,null,'ACTIVE',to_date('25/05/16','RR/MM/DD'),'M');
Insert into SYSTEM.USERS (USER_ID,EMAIL,PASSWORD,NAME,PHONE,USER_ROLE,ADDRESS,CDATETIME,UDATETIME,LAT,LNG,STATUS,USER_BIRTH,USER_GENDER) values ('seller14','seller@seller.com','$2a$10$T.kL7cDuxWDwBM6t0oC7b.Fj2Rvb4w7fafphD/5qk4Z/7HL8K1niW','부평판매자','010-1234-1234','SELLER','인천광역시 부평구 경인로1024번길 21, 1층 (부개동, e편한세상 부평역 어반루체)',to_date('25/11/04','RR/MM/DD'),to_date('25/11/04','RR/MM/DD'),37.486065,126.733937,'ACTIVE',to_date('65/10/18','RR/MM/DD'),'M');
Insert into SYSTEM.USERS (USER_ID,EMAIL,PASSWORD,NAME,PHONE,USER_ROLE,ADDRESS,CDATETIME,UDATETIME,LAT,LNG,STATUS,USER_BIRTH,USER_GENDER) values ('testfifty1','test@test.com','$2a$10$NZ.NKWNAYe1V3ODOnMxkeuMDp56rF9yPhPQ54cSwQKxMbK53OvxA.','테스트남','01055555555','BUYER','전북특별자치도 군산시 군산산단로 14, 1층 (오식도동)',to_date('25/11/06','RR/MM/DD'),to_date('25/11/06','RR/MM/DD'),35.944194,126.54391,'ACTIVE',to_date('70/07/15','RR/MM/DD'),'M');
Insert into SYSTEM.USERS (USER_ID,EMAIL,PASSWORD,NAME,PHONE,USER_ROLE,ADDRESS,CDATETIME,UDATETIME,LAT,LNG,STATUS,USER_BIRTH,USER_GENDER) values ('testyoung1','youngman@youngman.com','$2a$10$u4US8sKv3XAwKlzA6vzX7u5B3m/N/jcQaJ0LnsLzpDGZmdX0sjujK','십대','01011112222','BUYER','부산광역시 해운대구 해운대해변로 30, 2층 (우동, 해운대엑소디움)',to_date('25/11/06','RR/MM/DD'),to_date('25/11/06','RR/MM/DD'),35.162833,129.136664,'ACTIVE',to_date('10/06/06','RR/MM/DD'),'M');
Insert into SYSTEM.USERS (USER_ID,EMAIL,PASSWORD,NAME,PHONE,USER_ROLE,ADDRESS,CDATETIME,UDATETIME,LAT,LNG,STATUS,USER_BIRTH,USER_GENDER) values ('testyoung2','young2@young2.com','$2a$10$VuC8.IR4HmyAX1Ar5mTV9.K/UkobmuEPX2VPx2SI7q/Z3qWSkZJom','십대여','01033334444','BUYER','대전광역시 대덕구 장동로 9, 1층 (와동)',to_date('25/11/06','RR/MM/DD'),to_date('25/11/06','RR/MM/DD'),0,0,'ACTIVE',to_date('09/04/16','RR/MM/DD'),'F');
Insert into SYSTEM.USERS (USER_ID,EMAIL,PASSWORD,NAME,PHONE,USER_ROLE,ADDRESS,CDATETIME,UDATETIME,LAT,LNG,STATUS,USER_BIRTH,USER_GENDER) values ('seller99','seller99@seller99.com','$2a$10$CN2A5uoMnGCb0ONswxoYqu9ojCOr02paFIQqExWLxyLL6QUAVGdMi','강원도판매자','01040543790','SELLER','강원특별자치도 강릉시 강릉대로 33, 1층 (홍제동)',to_date('25/11/10','RR/MM/DD'),to_date('25/11/10','RR/MM/DD'),37.753223,128.875444,'ACTIVE',to_date('91/01/29','RR/MM/DD'),'M');
Insert into SYSTEM.USERS (USER_ID,EMAIL,PASSWORD,NAME,PHONE,USER_ROLE,ADDRESS,CDATETIME,UDATETIME,LAT,LNG,STATUS,USER_BIRTH,USER_GENDER) values ('seller20','seller20@seller20.com','$2a$10$2w7ZlTHUkU80khXj4n0Q6.Ku5PJPVqRB4cLrSL8HVSVmi5YsYHwau','예산판매자','01040543790','SELLER','충청남도 예산군 예산읍 예산로 190, 1층',to_date('25/11/10','RR/MM/DD'),to_date('25/11/10','RR/MM/DD'),36.679091,126.846124,'ACTIVE',to_date('00/02/22','RR/MM/DD'),'F');
Insert into SYSTEM.USERS (USER_ID,EMAIL,PASSWORD,NAME,PHONE,USER_ROLE,ADDRESS,CDATETIME,UDATETIME,LAT,LNG,STATUS,USER_BIRTH,USER_GENDER) values ('tjdals3790','tjdals3790@naver.com','$2a$10$ZxRO5CFCYxgnDLvtgxM1fudELvtEv0xdqI9S6w2O.euoh3EKV2DR.','김성민','01040543790','BUYER','경기도 부천시 소사구 송내대로 14, 11 (송내동, 송내역 파인 푸르지오 2단지)',to_date('25/10/27','RR/MM/DD'),to_date('25/11/11','RR/MM/DD'),null,null,'ACTIVE',to_date('32/06/14','RR/MM/DD'),'F');
Insert into SYSTEM.USERS (USER_ID,EMAIL,PASSWORD,NAME,PHONE,USER_ROLE,ADDRESS,CDATETIME,UDATETIME,LAT,LNG,STATUS,USER_BIRTH,USER_GENDER) values ('kakao_4516551236@social.local','kakao_4516551236@social.local','social_user_password','이민형','NONE','BUYER','소셜 로그인 사용자',to_date('25/10/29','RR/MM/DD'),to_date('25/10/30','RR/MM/DD'),null,null,'WITHDRAWN',null,null);
Insert into SYSTEM.USERS (USER_ID,EMAIL,PASSWORD,NAME,PHONE,USER_ROLE,ADDRESS,CDATETIME,UDATETIME,LAT,LNG,STATUS,USER_BIRTH,USER_GENDER) values ('sinso5281532@gmail.com','sinso5281532@gmail.com','social_user_password','이민형','NONE','SELLER','소셜 로그인 사용자',to_date('25/10/29','RR/MM/DD'),to_date('25/11/12','RR/MM/DD'),null,null,'ACTIVE',null,null);
Insert into SYSTEM.USERS (USER_ID,EMAIL,PASSWORD,NAME,PHONE,USER_ROLE,ADDRESS,CDATETIME,UDATETIME,LAT,LNG,STATUS,USER_BIRTH,USER_GENDER) values ('testmap01','buyer01@naver.com','1234','홍길동','010-1234-5678','BUYER','서울특별시 강남구 테헤란로 123',to_date('25/10/29','RR/MM/DD'),to_date('25/10/29','RR/MM/DD'),37.498095,127.02761,'ACTIVE',to_date('85/09/13','RR/MM/DD'),'M');
Insert into SYSTEM.USERS (USER_ID,EMAIL,PASSWORD,NAME,PHONE,USER_ROLE,ADDRESS,CDATETIME,UDATETIME,LAT,LNG,STATUS,USER_BIRTH,USER_GENDER) values ('testmap02','buyer02@gmail.com','1234','김철수','010-8765-4321','BUYER','서울특별시 종로구 세종대로 175',to_date('25/10/29','RR/MM/DD'),to_date('25/10/29','RR/MM/DD'),37.57305,126.979189,'ACTIVE',to_date('29/05/05','RR/MM/DD'),'M');
Insert into SYSTEM.USERS (USER_ID,EMAIL,PASSWORD,NAME,PHONE,USER_ROLE,ADDRESS,CDATETIME,UDATETIME,LAT,LNG,STATUS,USER_BIRTH,USER_GENDER) values ('testmap03','test@test.com','$2a$10$kE4iOGYcYubbVR9JzGIm0uMARvmf2gsCJDCYfx.E3b7nDw7smTKRW','맵테스트','010-0000-1011','BUYER','서울특별시 강남구 테헤란로 123 (역삼동)',to_date('25/10/29','RR/MM/DD'),to_date('25/10/29','RR/MM/DD'),37.498095,127.02761,'ACTIVE',to_date('41/10/10','RR/MM/DD'),'F');
Insert into SYSTEM.USERS (USER_ID,EMAIL,PASSWORD,NAME,PHONE,USER_ROLE,ADDRESS,CDATETIME,UDATETIME,LAT,LNG,STATUS,USER_BIRTH,USER_GENDER) values ('testseller1','testseller@testseller.com','$2a$10$O/xHsEUd.WxE2VuKLumrceKze5w2m661aHsBvow3IZmlPq8wemLYm','테스트판매자','01012345678','SELLER','전라남도 여수시 망양로 455, 1층 (만흥동)',to_date('25/11/06','RR/MM/DD'),to_date('25/11/06','RR/MM/DD'),34.786553,127.750359,'ACTIVE',to_date('07/07/07','RR/MM/DD'),'M');
Insert into SYSTEM.USERS (USER_ID,EMAIL,PASSWORD,NAME,PHONE,USER_ROLE,ADDRESS,CDATETIME,UDATETIME,LAT,LNG,STATUS,USER_BIRTH,USER_GENDER) values ('testseller2','testseller2@testseller2.com','$2a$10$A4jyuomz5GeStFb3DhMWDOewBH3YsXJiLUrkj7NqpuiuY3L.uQnsq','테스트판매자','01012345678','SELLER','강원특별자치도 속초시 설악금강대교로 97, 1층 (청호동)',to_date('25/11/06','RR/MM/DD'),to_date('25/11/06','RR/MM/DD'),38.198698,128.594137,'ACTIVE',to_date('96/02/16','RR/MM/DD'),'M');
Insert into SYSTEM.USERS (USER_ID,EMAIL,PASSWORD,NAME,PHONE,USER_ROLE,ADDRESS,CDATETIME,UDATETIME,LAT,LNG,STATUS,USER_BIRTH,USER_GENDER) values ('seller21','seller21@seller21.com','$2a$10$WR8GmK3YVqaTF1ate340yuaTo1QGE62mu/Vbgxo7Vj51blES7gbtC','광천판매자','01040543790','SELLER','충청남도 홍성군 광천읍 광천로285번길 18, 1층',to_date('25/11/10','RR/MM/DD'),to_date('25/11/10','RR/MM/DD'),36.500017,126.62366,'ACTIVE',to_date('84/08/15','RR/MM/DD'),'M');
Insert into SYSTEM.USERS (USER_ID,EMAIL,PASSWORD,NAME,PHONE,USER_ROLE,ADDRESS,CDATETIME,UDATETIME,LAT,LNG,STATUS,USER_BIRTH,USER_GENDER) values ('gurwns9035','gurwns9035@naver.com','$2a$10$yb9SA.WIp1VuQCnmaoIqa.mDd.HwxazqEjKr2mOO81Q356H1qdI2m','권혁준','010-9032-9035','BUYER','인천 부평구',to_date('25/11/11','RR/MM/DD'),to_date('25/11/11','RR/MM/DD'),null,null,'ACTIVE',to_date('96/09/01','RR/MM/DD'),'M');
Insert into SYSTEM.USERS (USER_ID,EMAIL,PASSWORD,NAME,PHONE,USER_ROLE,ADDRESS,CDATETIME,UDATETIME,LAT,LNG,STATUS,USER_BIRTH,USER_GENDER) values ('buyer01','buyer01@example.com','hashed_password_value_for_buyer','김소비','010-1234-5678','BUYER','서울시 강남구 테헤란로 123, 5층',to_date('25/10/24','RR/MM/DD'),to_date('25/10/24','RR/MM/DD'),null,null,'ACTIVE',to_date('65/11/25','RR/MM/DD'),'F');
Insert into SYSTEM.USERS (USER_ID,EMAIL,PASSWORD,NAME,PHONE,USER_ROLE,ADDRESS,CDATETIME,UDATETIME,LAT,LNG,STATUS,USER_BIRTH,USER_GENDER) values ('seller01','sungmin3790@gmail.com','$2a$10$BSbtZTexafCNWxNMWtl8EeDEWXGs7Yhqv.em9cQN/KxYWZKa0WOl.','박판매','010-9876-5432','SELLER','전라남도 해남군 해남읍 연동리 456-2',to_date('25/10/24','RR/MM/DD'),to_date('25/10/24','RR/MM/DD'),34.543092,126.610765,'ACTIVE',to_date('84/03/25','RR/MM/DD'),'M');
Insert into SYSTEM.USERS (USER_ID,EMAIL,PASSWORD,NAME,PHONE,USER_ROLE,ADDRESS,CDATETIME,UDATETIME,LAT,LNG,STATUS,USER_BIRTH,USER_GENDER) values ('user02','test@naver.com','$2a$10$1rCu8ft8KbjNIV4cc8AZo.819f0Yin6s87Fbv.wViA5.EhMMzJD1O','김철수','01011112222','BUYER','인천광역시 부평구',to_date('25/10/27','RR/MM/DD'),to_date('25/10/27','RR/MM/DD'),null,null,'ACTIVE',to_date('87/12/14','RR/MM/DD'),'M');
Insert into SYSTEM.USERS (USER_ID,EMAIL,PASSWORD,NAME,PHONE,USER_ROLE,ADDRESS,CDATETIME,UDATETIME,LAT,LNG,STATUS,USER_BIRTH,USER_GENDER) values ('seller02','seller02@gmail.com','$2a$10$7TCqcSicFvfEbL8P3Z/CKe.rIXaiudgZI8sBabhkak7zx7do3614O','판매자2','01022223333','SELLER','전라북도 전주시',to_date('25/10/27','RR/MM/DD'),to_date('25/10/27','RR/MM/DD'),null,null,'ACTIVE',to_date('50/02/25','RR/MM/DD'),'F');
Insert into SYSTEM.USERS (USER_ID,EMAIL,PASSWORD,NAME,PHONE,USER_ROLE,ADDRESS,CDATETIME,UDATETIME,LAT,LNG,STATUS,USER_BIRTH,USER_GENDER) values ('SYSTEM01','SYSTEM@SYSTEM.com','$2a$10$0tt42gNLyMsarUGp6f.TPOeRoE3IeAEnnMNKHEY/miDldPq09.3hm','관리자','010-1234-5678','SYSTEM','인천광역시 부평구 경원대로 1366, 7층 (부평동)',to_date('25/10/28','RR/MM/DD'),to_date('25/10/28','RR/MM/DD'),null,null,'ACTIVE',to_date('26/10/13','RR/MM/DD'),'M');
Insert into SYSTEM.USERS (USER_ID,EMAIL,PASSWORD,NAME,PHONE,USER_ROLE,ADDRESS,CDATETIME,UDATETIME,LAT,LNG,STATUS,USER_BIRTH,USER_GENDER) values ('inserttest01','test@test.com','$2a$10$jT6dzRUc3uyMNoQp2zAhsOMVicqgRFkY39HXpi0y7Q4cVcwh.xH9i','좌표테스트','010-0000-1111','BUYER','인천광역시 부평구 경원대로 1366, 7층 (부평동)',to_date('25/10/29','RR/MM/DD'),to_date('25/10/29','RR/MM/DD'),37.490988,126.720636,'ACTIVE',to_date('81/11/05','RR/MM/DD'),'F');
Insert into SYSTEM.USERS (USER_ID,EMAIL,PASSWORD,NAME,PHONE,USER_ROLE,ADDRESS,CDATETIME,UDATETIME,LAT,LNG,STATUS,USER_BIRTH,USER_GENDER) values ('testmap04','test@test.com','$2a$10$gx0c9CR8SxhoT71/gUMrNuCEd0B9BJ34XmfbreURy9XYkENI6TPJi','아무개임','01012345678','BUYER','인천광역시 부평구 장제로 45, 8층 (부평동)',to_date('25/10/30','RR/MM/DD'),to_date('25/10/30','RR/MM/DD'),37.48952,126.728913,'ACTIVE',to_date('94/09/09','RR/MM/DD'),'F');
Insert into SYSTEM.USERS (USER_ID,EMAIL,PASSWORD,NAME,PHONE,USER_ROLE,ADDRESS,CDATETIME,UDATETIME,LAT,LNG,STATUS,USER_BIRTH,USER_GENDER) values ('seller06','test@etset.com','$2a$10$VdEX8eJDe7AO/yys..y3OuYQbDXSlmRFhfo29seC4.67TETJZMZPm','판매자판매','010-5555-6666','SELLER','경기도 이천시 부악로 40',to_date('25/10/29','RR/MM/DD'),to_date('25/10/29','RR/MM/DD'),null,null,'ACTIVE',to_date('78/06/20','RR/MM/DD'),'F');
Insert into SYSTEM.USERS (USER_ID,EMAIL,PASSWORD,NAME,PHONE,USER_ROLE,ADDRESS,CDATETIME,UDATETIME,LAT,LNG,STATUS,USER_BIRTH,USER_GENDER) values ('test123','test@test.com','$2a$10$okTVkNzl/IqJoEPzh.vcPuTzAbLiUovG6tAUVkjQwXi81nc6k96Ne','테스트테','010-0000-0000','SELLER','충청남도 논산시 시민로210번길 9)',to_date('25/10/29','RR/MM/DD'),to_date('25/10/29','RR/MM/DD'),null,null,'ACTIVE',to_date('96/06/09','RR/MM/DD'),'F');
Insert into SYSTEM.USERS (USER_ID,EMAIL,PASSWORD,NAME,PHONE,USER_ROLE,ADDRESS,CDATETIME,UDATETIME,LAT,LNG,STATUS,USER_BIRTH,USER_GENDER) values ('bbqv@naver.com','bbqv@naver.com','social_user_password','이민형','010-9715-1532','BUYER','소셜 로그인 사용자',to_date('25/10/29','RR/MM/DD'),to_date('25/11/12','RR/MM/DD'),null,null,'ACTIVE',null,null);
Insert into SYSTEM.USERS (USER_ID,EMAIL,PASSWORD,NAME,PHONE,USER_ROLE,ADDRESS,CDATETIME,UDATETIME,LAT,LNG,STATUS,USER_BIRTH,USER_GENDER) values ('kakao_4519067802@social.local','kakao_4519067802@social.local',null,'김성민','NONE','BUYER','소셜 로그인 사용자',to_date('25/10/30','RR/MM/DD'),to_date('25/10/30','RR/MM/DD'),null,null,'ACTIVE',null,null);
Insert into SYSTEM.USERS (USER_ID,EMAIL,PASSWORD,NAME,PHONE,USER_ROLE,ADDRESS,CDATETIME,UDATETIME,LAT,LNG,STATUS,USER_BIRTH,USER_GENDER) values ('haenam01','haenam01@haenam.com','$2a$10$m65Nqixrr5.SPS8FD3gd9Oe4wgsz/xtJpJE6eU6iAI2zK0De3Bwli','해남사람','01012345678','BUYER','전라남도 해남군 송지면 산정4길 10, 1층 (금영아파트)',to_date('25/11/04','RR/MM/DD'),to_date('25/11/04','RR/MM/DD'),34.368012,126.519914,'ACTIVE',to_date('93/05/08','RR/MM/DD'),'F');
--------------------------------------------------------
--  DDL for Index IDX_CART_USER
--------------------------------------------------------

  CREATE INDEX "SYSTEM"."IDX_CART_USER" ON "SYSTEM"."CART" ("USER_ID") 
  PCTFREE 10 INITRANS 2 MAXTRANS 255 COMPUTE STATISTICS 
  STORAGE(INITIAL 65536 NEXT 1048576 MINEXTENTS 1 MAXEXTENTS 2147483645
  PCTINCREASE 0 FREELISTS 1 FREELIST GROUPS 1
  BUFFER_POOL DEFAULT FLASH_CACHE DEFAULT CELL_FLASH_CACHE DEFAULT)
  TABLESPACE "USERS" ;
--------------------------------------------------------
--  DDL for Index IDX_CART_OPT
--------------------------------------------------------

  CREATE INDEX "SYSTEM"."IDX_CART_OPT" ON "SYSTEM"."CART" ("PRODUCT_NO", "OPTION_NO") 
  PCTFREE 10 INITRANS 2 MAXTRANS 255 COMPUTE STATISTICS 
  STORAGE(INITIAL 65536 NEXT 1048576 MINEXTENTS 1 MAXEXTENTS 2147483645
  PCTINCREASE 0 FREELISTS 1 FREELIST GROUPS 1
  BUFFER_POOL DEFAULT FLASH_CACHE DEFAULT CELL_FLASH_CACHE DEFAULT)
  TABLESPACE "USERS" ;
--------------------------------------------------------
--  DDL for Index PK_CART
--------------------------------------------------------

  CREATE UNIQUE INDEX "SYSTEM"."PK_CART" ON "SYSTEM"."CART" ("CART_NO") 
  PCTFREE 10 INITRANS 2 MAXTRANS 255 COMPUTE STATISTICS 
  STORAGE(INITIAL 65536 NEXT 1048576 MINEXTENTS 1 MAXEXTENTS 2147483645
  PCTINCREASE 0 FREELISTS 1 FREELIST GROUPS 1
  BUFFER_POOL DEFAULT FLASH_CACHE DEFAULT CELL_FLASH_CACHE DEFAULT)
  TABLESPACE "USERS" ;
--------------------------------------------------------
--  DDL for Index SYS_C006691
--------------------------------------------------------

  CREATE UNIQUE INDEX "SYSTEM"."SYS_C006691" ON "SYSTEM"."CATEGORY_IMAGE" ("IMAGE_NO") 
  PCTFREE 10 INITRANS 2 MAXTRANS 255 COMPUTE STATISTICS 
  STORAGE(INITIAL 65536 NEXT 1048576 MINEXTENTS 1 MAXEXTENTS 2147483645
  PCTINCREASE 0 FREELISTS 1 FREELIST GROUPS 1
  BUFFER_POOL DEFAULT FLASH_CACHE DEFAULT CELL_FLASH_CACHE DEFAULT)
  TABLESPACE "USERS" ;
--------------------------------------------------------
--  DDL for Index PK_DELIVERY
--------------------------------------------------------

  CREATE UNIQUE INDEX "SYSTEM"."PK_DELIVERY" ON "SYSTEM"."DELIVERY" ("DELIVERY_NO") 
  PCTFREE 10 INITRANS 2 MAXTRANS 255 COMPUTE STATISTICS 
  STORAGE(INITIAL 65536 NEXT 1048576 MINEXTENTS 1 MAXEXTENTS 2147483645
  PCTINCREASE 0 FREELISTS 1 FREELIST GROUPS 1
  BUFFER_POOL DEFAULT FLASH_CACHE DEFAULT CELL_FLASH_CACHE DEFAULT)
  TABLESPACE "USERS" ;
--------------------------------------------------------
--  DDL for Index PK_INQUIRY
--------------------------------------------------------

  CREATE UNIQUE INDEX "SYSTEM"."PK_INQUIRY" ON "SYSTEM"."INQUIRY" ("INQUIRY_NO") 
  PCTFREE 10 INITRANS 2 MAXTRANS 255 COMPUTE STATISTICS 
  STORAGE(INITIAL 65536 NEXT 1048576 MINEXTENTS 1 MAXEXTENTS 2147483645
  PCTINCREASE 0 FREELISTS 1 FREELIST GROUPS 1
  BUFFER_POOL DEFAULT FLASH_CACHE DEFAULT CELL_FLASH_CACHE DEFAULT)
  TABLESPACE "USERS" ;
--------------------------------------------------------
--  DDL for Index PK_ANSWER
--------------------------------------------------------

  CREATE UNIQUE INDEX "SYSTEM"."PK_ANSWER" ON "SYSTEM"."INQUIRY_ANSWER" ("ANSWER_NO") 
  PCTFREE 10 INITRANS 2 MAXTRANS 255 COMPUTE STATISTICS 
  STORAGE(INITIAL 65536 NEXT 1048576 MINEXTENTS 1 MAXEXTENTS 2147483645
  PCTINCREASE 0 FREELISTS 1 FREELIST GROUPS 1
  BUFFER_POOL DEFAULT FLASH_CACHE DEFAULT CELL_FLASH_CACHE DEFAULT)
  TABLESPACE "USERS" ;
--------------------------------------------------------
--  DDL for Index SYS_C006694
--------------------------------------------------------

  CREATE UNIQUE INDEX "SYSTEM"."SYS_C006694" ON "SYSTEM"."MAIN_BANNER" ("BANNER_NO") 
  PCTFREE 10 INITRANS 2 MAXTRANS 255 COMPUTE STATISTICS 
  STORAGE(INITIAL 65536 NEXT 1048576 MINEXTENTS 1 MAXEXTENTS 2147483645
  PCTINCREASE 0 FREELISTS 1 FREELIST GROUPS 1
  BUFFER_POOL DEFAULT FLASH_CACHE DEFAULT CELL_FLASH_CACHE DEFAULT)
  TABLESPACE "USERS" ;
--------------------------------------------------------
--  DDL for Index PK_NOTICE
--------------------------------------------------------

  CREATE UNIQUE INDEX "SYSTEM"."PK_NOTICE" ON "SYSTEM"."NOTICE" ("NOTICE_NO") 
  PCTFREE 10 INITRANS 2 MAXTRANS 255 COMPUTE STATISTICS 
  STORAGE(INITIAL 65536 NEXT 1048576 MINEXTENTS 1 MAXEXTENTS 2147483645
  PCTINCREASE 0 FREELISTS 1 FREELIST GROUPS 1
  BUFFER_POOL DEFAULT FLASH_CACHE DEFAULT CELL_FLASH_CACHE DEFAULT)
  TABLESPACE "USERS" ;
--------------------------------------------------------
--  DDL for Index PK_NOTICE_COMMENT
--------------------------------------------------------

  CREATE UNIQUE INDEX "SYSTEM"."PK_NOTICE_COMMENT" ON "SYSTEM"."NOTICE_COMMENT" ("COMMENT_NO") 
  PCTFREE 10 INITRANS 2 MAXTRANS 255 COMPUTE STATISTICS 
  STORAGE(INITIAL 65536 NEXT 1048576 MINEXTENTS 1 MAXEXTENTS 2147483645
  PCTINCREASE 0 FREELISTS 1 FREELIST GROUPS 1
  BUFFER_POOL DEFAULT FLASH_CACHE DEFAULT CELL_FLASH_CACHE DEFAULT)
  TABLESPACE "USERS" ;
--------------------------------------------------------
--  DDL for Index PK_ORDER_ITEM
--------------------------------------------------------

  CREATE UNIQUE INDEX "SYSTEM"."PK_ORDER_ITEM" ON "SYSTEM"."ORDER_ITEM" ("ORDER_ITEM_NO") 
  PCTFREE 10 INITRANS 2 MAXTRANS 255 COMPUTE STATISTICS 
  STORAGE(INITIAL 65536 NEXT 1048576 MINEXTENTS 1 MAXEXTENTS 2147483645
  PCTINCREASE 0 FREELISTS 1 FREELIST GROUPS 1
  BUFFER_POOL DEFAULT FLASH_CACHE DEFAULT CELL_FLASH_CACHE DEFAULT)
  TABLESPACE "USERS" ;
--------------------------------------------------------
--  DDL for Index PK_ORDERS
--------------------------------------------------------

  CREATE UNIQUE INDEX "SYSTEM"."PK_ORDERS" ON "SYSTEM"."ORDERS" ("ORDER_NO") 
  PCTFREE 10 INITRANS 2 MAXTRANS 255 COMPUTE STATISTICS 
  STORAGE(INITIAL 65536 NEXT 1048576 MINEXTENTS 1 MAXEXTENTS 2147483645
  PCTINCREASE 0 FREELISTS 1 FREELIST GROUPS 1
  BUFFER_POOL DEFAULT FLASH_CACHE DEFAULT CELL_FLASH_CACHE DEFAULT)
  TABLESPACE "USERS" ;
--------------------------------------------------------
--  DDL for Index PK_PAYMENT
--------------------------------------------------------

  CREATE UNIQUE INDEX "SYSTEM"."PK_PAYMENT" ON "SYSTEM"."PAYMENT" ("PAYMENT_NO") 
  PCTFREE 10 INITRANS 2 MAXTRANS 255 COMPUTE STATISTICS 
  STORAGE(INITIAL 65536 NEXT 1048576 MINEXTENTS 1 MAXEXTENTS 2147483645
  PCTINCREASE 0 FREELISTS 1 FREELIST GROUPS 1
  BUFFER_POOL DEFAULT FLASH_CACHE DEFAULT CELL_FLASH_CACHE DEFAULT)
  TABLESPACE "USERS" ;
--------------------------------------------------------
--  DDL for Index PK_PRODUCT
--------------------------------------------------------

  CREATE UNIQUE INDEX "SYSTEM"."PK_PRODUCT" ON "SYSTEM"."PRODUCT" ("PRODUCT_NO") 
  PCTFREE 10 INITRANS 2 MAXTRANS 255 COMPUTE STATISTICS 
  STORAGE(INITIAL 65536 NEXT 1048576 MINEXTENTS 1 MAXEXTENTS 2147483645
  PCTINCREASE 0 FREELISTS 1 FREELIST GROUPS 1
  BUFFER_POOL DEFAULT FLASH_CACHE DEFAULT CELL_FLASH_CACHE DEFAULT)
  TABLESPACE "USERS" ;
--------------------------------------------------------
--  DDL for Index PK_PRODUCT_CATEGORY
--------------------------------------------------------

  CREATE UNIQUE INDEX "SYSTEM"."PK_PRODUCT_CATEGORY" ON "SYSTEM"."PRODUCT_CATEGORY" ("CATEGORY_NO") 
  PCTFREE 10 INITRANS 2 MAXTRANS 255 COMPUTE STATISTICS 
  STORAGE(INITIAL 65536 NEXT 1048576 MINEXTENTS 1 MAXEXTENTS 2147483645
  PCTINCREASE 0 FREELISTS 1 FREELIST GROUPS 1
  BUFFER_POOL DEFAULT FLASH_CACHE DEFAULT CELL_FLASH_CACHE DEFAULT)
  TABLESPACE "USERS" ;
--------------------------------------------------------
--  DDL for Index PK_PRODUCT_IMAGE
--------------------------------------------------------

  CREATE UNIQUE INDEX "SYSTEM"."PK_PRODUCT_IMAGE" ON "SYSTEM"."PRODUCT_IMAGE" ("IMAGE_ID") 
  PCTFREE 10 INITRANS 2 MAXTRANS 255 COMPUTE STATISTICS 
  STORAGE(INITIAL 65536 NEXT 1048576 MINEXTENTS 1 MAXEXTENTS 2147483645
  PCTINCREASE 0 FREELISTS 1 FREELIST GROUPS 1
  BUFFER_POOL DEFAULT FLASH_CACHE DEFAULT CELL_FLASH_CACHE DEFAULT)
  TABLESPACE "USERS" ;
--------------------------------------------------------
--  DDL for Index SYS_C006725
--------------------------------------------------------

  CREATE UNIQUE INDEX "SYSTEM"."SYS_C006725" ON "SYSTEM"."PRODUCT_OPTION" ("OPTION_NO") 
  PCTFREE 10 INITRANS 2 MAXTRANS 255 COMPUTE STATISTICS 
  STORAGE(INITIAL 65536 NEXT 1048576 MINEXTENTS 1 MAXEXTENTS 2147483645
  PCTINCREASE 0 FREELISTS 1 FREELIST GROUPS 1
  BUFFER_POOL DEFAULT FLASH_CACHE DEFAULT CELL_FLASH_CACHE DEFAULT)
  TABLESPACE "USERS" ;
--------------------------------------------------------
--  DDL for Index SYS_C006699
--------------------------------------------------------

  CREATE UNIQUE INDEX "SYSTEM"."SYS_C006699" ON "SYSTEM"."PRODUCT_QNA" ("QNA_NO") 
  PCTFREE 10 INITRANS 2 MAXTRANS 255 COMPUTE STATISTICS 
  STORAGE(INITIAL 65536 NEXT 1048576 MINEXTENTS 1 MAXEXTENTS 2147483645
  PCTINCREASE 0 FREELISTS 1 FREELIST GROUPS 1
  BUFFER_POOL DEFAULT FLASH_CACHE DEFAULT CELL_FLASH_CACHE DEFAULT)
  TABLESPACE "USERS" ;
--------------------------------------------------------
--  DDL for Index SYS_C006704
--------------------------------------------------------

  CREATE UNIQUE INDEX "SYSTEM"."SYS_C006704" ON "SYSTEM"."PRODUCT_QNA_ANSWER" ("ANSWER_NO") 
  PCTFREE 10 INITRANS 2 MAXTRANS 255 COMPUTE STATISTICS 
  STORAGE(INITIAL 65536 NEXT 1048576 MINEXTENTS 1 MAXEXTENTS 2147483645
  PCTINCREASE 0 FREELISTS 1 FREELIST GROUPS 1
  BUFFER_POOL DEFAULT FLASH_CACHE DEFAULT CELL_FLASH_CACHE DEFAULT)
  TABLESPACE "USERS" ;
--------------------------------------------------------
--  DDL for Index PK_REFUND
--------------------------------------------------------

  CREATE UNIQUE INDEX "SYSTEM"."PK_REFUND" ON "SYSTEM"."REFUND" ("REFUND_NO") 
  PCTFREE 10 INITRANS 2 MAXTRANS 255 COMPUTE STATISTICS 
  STORAGE(INITIAL 65536 NEXT 1048576 MINEXTENTS 1 MAXEXTENTS 2147483645
  PCTINCREASE 0 FREELISTS 1 FREELIST GROUPS 1
  BUFFER_POOL DEFAULT FLASH_CACHE DEFAULT CELL_FLASH_CACHE DEFAULT)
  TABLESPACE "USERS" ;
--------------------------------------------------------
--  DDL for Index PK_REVIEW
--------------------------------------------------------

  CREATE UNIQUE INDEX "SYSTEM"."PK_REVIEW" ON "SYSTEM"."REVIEW" ("REVIEW_NO") 
  PCTFREE 10 INITRANS 2 MAXTRANS 255 COMPUTE STATISTICS 
  STORAGE(INITIAL 65536 NEXT 1048576 MINEXTENTS 1 MAXEXTENTS 2147483645
  PCTINCREASE 0 FREELISTS 1 FREELIST GROUPS 1
  BUFFER_POOL DEFAULT FLASH_CACHE DEFAULT CELL_FLASH_CACHE DEFAULT)
  TABLESPACE "USERS" ;
--------------------------------------------------------
--  DDL for Index PK_COMMENT
--------------------------------------------------------

  CREATE UNIQUE INDEX "SYSTEM"."PK_COMMENT" ON "SYSTEM"."REVIEW_COMMENT" ("COMMENT_NO") 
  PCTFREE 10 INITRANS 2 MAXTRANS 255 COMPUTE STATISTICS 
  STORAGE(INITIAL 65536 NEXT 1048576 MINEXTENTS 1 MAXEXTENTS 2147483645
  PCTINCREASE 0 FREELISTS 1 FREELIST GROUPS 1
  BUFFER_POOL DEFAULT FLASH_CACHE DEFAULT CELL_FLASH_CACHE DEFAULT)
  TABLESPACE "USERS" ;
--------------------------------------------------------
--  DDL for Index PK_REVIEW_IMAGE
--------------------------------------------------------

  CREATE UNIQUE INDEX "SYSTEM"."PK_REVIEW_IMAGE" ON "SYSTEM"."REVIEW_IMAGE" ("IMAGE_NO") 
  PCTFREE 10 INITRANS 2 MAXTRANS 255 COMPUTE STATISTICS 
  STORAGE(INITIAL 65536 NEXT 1048576 MINEXTENTS 1 MAXEXTENTS 2147483645
  PCTINCREASE 0 FREELISTS 1 FREELIST GROUPS 1
  BUFFER_POOL DEFAULT FLASH_CACHE DEFAULT CELL_FLASH_CACHE DEFAULT)
  TABLESPACE "USERS" ;
--------------------------------------------------------
--  DDL for Index PK_REVIEW_RECOMMEND
--------------------------------------------------------

  CREATE UNIQUE INDEX "SYSTEM"."PK_REVIEW_RECOMMEND" ON "SYSTEM"."REVIEW_RECOMMEND" ("USER_ID", "REVIEW_NO") 
  PCTFREE 10 INITRANS 2 MAXTRANS 255 COMPUTE STATISTICS 
  STORAGE(INITIAL 65536 NEXT 1048576 MINEXTENTS 1 MAXEXTENTS 2147483645
  PCTINCREASE 0 FREELISTS 1 FREELIST GROUPS 1
  BUFFER_POOL DEFAULT FLASH_CACHE DEFAULT CELL_FLASH_CACHE DEFAULT)
  TABLESPACE "USERS" ;
--------------------------------------------------------
--  DDL for Index PK_SELLER_INFO
--------------------------------------------------------

  CREATE UNIQUE INDEX "SYSTEM"."PK_SELLER_INFO" ON "SYSTEM"."SELLER_INFO" ("USER_ID") 
  PCTFREE 10 INITRANS 2 MAXTRANS 255 COMPUTE STATISTICS 
  STORAGE(INITIAL 65536 NEXT 1048576 MINEXTENTS 1 MAXEXTENTS 2147483645
  PCTINCREASE 0 FREELISTS 1 FREELIST GROUPS 1
  BUFFER_POOL DEFAULT FLASH_CACHE DEFAULT CELL_FLASH_CACHE DEFAULT)
  TABLESPACE "USERS" ;
--------------------------------------------------------
--  DDL for Index IDX_SELLER_LATLNG
--------------------------------------------------------

  CREATE INDEX "SYSTEM"."IDX_SELLER_LATLNG" ON "SYSTEM"."SELLER_INFO" ("LAT", "LNG") 
  PCTFREE 10 INITRANS 2 MAXTRANS 255 COMPUTE STATISTICS 
  STORAGE(INITIAL 65536 NEXT 1048576 MINEXTENTS 1 MAXEXTENTS 2147483645
  PCTINCREASE 0 FREELISTS 1 FREELIST GROUPS 1
  BUFFER_POOL DEFAULT FLASH_CACHE DEFAULT CELL_FLASH_CACHE DEFAULT)
  TABLESPACE "USERS" ;
--------------------------------------------------------
--  DDL for Index PK_USERS
--------------------------------------------------------

  CREATE UNIQUE INDEX "SYSTEM"."PK_USERS" ON "SYSTEM"."USERS" ("USER_ID") 
  PCTFREE 10 INITRANS 2 MAXTRANS 255 COMPUTE STATISTICS 
  STORAGE(INITIAL 65536 NEXT 1048576 MINEXTENTS 1 MAXEXTENTS 2147483645
  PCTINCREASE 0 FREELISTS 1 FREELIST GROUPS 1
  BUFFER_POOL DEFAULT FLASH_CACHE DEFAULT CELL_FLASH_CACHE DEFAULT)
  TABLESPACE "USERS" ;
--------------------------------------------------------
--  DDL for Index IDX_USERS_LATLNG
--------------------------------------------------------

  CREATE INDEX "SYSTEM"."IDX_USERS_LATLNG" ON "SYSTEM"."USERS" ("LAT", "LNG") 
  PCTFREE 10 INITRANS 2 MAXTRANS 255 COMPUTE STATISTICS 
  STORAGE(INITIAL 65536 NEXT 1048576 MINEXTENTS 1 MAXEXTENTS 2147483645
  PCTINCREASE 0 FREELISTS 1 FREELIST GROUPS 1
  BUFFER_POOL DEFAULT FLASH_CACHE DEFAULT CELL_FLASH_CACHE DEFAULT)
  TABLESPACE "USERS" ;
--------------------------------------------------------
--  Constraints for Table CART
--------------------------------------------------------

  ALTER TABLE "SYSTEM"."CART" MODIFY ("CART_NO" NOT NULL ENABLE);
  ALTER TABLE "SYSTEM"."CART" MODIFY ("PRODUCT_NO" NOT NULL ENABLE);
  ALTER TABLE "SYSTEM"."CART" MODIFY ("USER_ID" NOT NULL ENABLE);
  ALTER TABLE "SYSTEM"."CART" MODIFY ("QUANTITY" NOT NULL ENABLE);
  ALTER TABLE "SYSTEM"."CART" MODIFY ("ADDED_AT" NOT NULL ENABLE);
  ALTER TABLE "SYSTEM"."CART" MODIFY ("FULFILLMENT" NOT NULL ENABLE);
  ALTER TABLE "SYSTEM"."CART" MODIFY ("SHIPPING_FEE" NOT NULL ENABLE);
  ALTER TABLE "SYSTEM"."CART" ADD CONSTRAINT "PK_CART" PRIMARY KEY ("CART_NO")
  USING INDEX PCTFREE 10 INITRANS 2 MAXTRANS 255 COMPUTE STATISTICS 
  STORAGE(INITIAL 65536 NEXT 1048576 MINEXTENTS 1 MAXEXTENTS 2147483645
  PCTINCREASE 0 FREELISTS 1 FREELIST GROUPS 1
  BUFFER_POOL DEFAULT FLASH_CACHE DEFAULT CELL_FLASH_CACHE DEFAULT)
  TABLESPACE "USERS"  ENABLE;
--------------------------------------------------------
--  Constraints for Table CATEGORY_IMAGE
--------------------------------------------------------

  ALTER TABLE "SYSTEM"."CATEGORY_IMAGE" MODIFY ("CDATETIME" NOT NULL ENABLE);
  ALTER TABLE "SYSTEM"."CATEGORY_IMAGE" MODIFY ("UDATETIME" NOT NULL ENABLE);
  ALTER TABLE "SYSTEM"."CATEGORY_IMAGE" MODIFY ("CATEGORY_NO" NOT NULL ENABLE);
  ALTER TABLE "SYSTEM"."CATEGORY_IMAGE" MODIFY ("IMAGE_URL" NOT NULL ENABLE);
  ALTER TABLE "SYSTEM"."CATEGORY_IMAGE" ADD PRIMARY KEY ("IMAGE_NO")
  USING INDEX PCTFREE 10 INITRANS 2 MAXTRANS 255 COMPUTE STATISTICS 
  STORAGE(INITIAL 65536 NEXT 1048576 MINEXTENTS 1 MAXEXTENTS 2147483645
  PCTINCREASE 0 FREELISTS 1 FREELIST GROUPS 1
  BUFFER_POOL DEFAULT FLASH_CACHE DEFAULT CELL_FLASH_CACHE DEFAULT)
  TABLESPACE "USERS"  ENABLE;
--------------------------------------------------------
--  Constraints for Table DELIVERY
--------------------------------------------------------

  ALTER TABLE "SYSTEM"."DELIVERY" MODIFY ("DELIVERY_NO" NOT NULL ENABLE);
  ALTER TABLE "SYSTEM"."DELIVERY" MODIFY ("ORDER_NO" NOT NULL ENABLE);
  ALTER TABLE "SYSTEM"."DELIVERY" MODIFY ("TRACKING_NO" NOT NULL ENABLE);
  ALTER TABLE "SYSTEM"."DELIVERY" MODIFY ("COURIER" NOT NULL ENABLE);
  ALTER TABLE "SYSTEM"."DELIVERY" MODIFY ("DELIVERY_STATUS" NOT NULL ENABLE);
  ALTER TABLE "SYSTEM"."DELIVERY" MODIFY ("SHIPPED_AT" NOT NULL ENABLE);
  ALTER TABLE "SYSTEM"."DELIVERY" ADD CONSTRAINT "PK_DELIVERY" PRIMARY KEY ("DELIVERY_NO")
  USING INDEX PCTFREE 10 INITRANS 2 MAXTRANS 255 COMPUTE STATISTICS 
  STORAGE(INITIAL 65536 NEXT 1048576 MINEXTENTS 1 MAXEXTENTS 2147483645
  PCTINCREASE 0 FREELISTS 1 FREELIST GROUPS 1
  BUFFER_POOL DEFAULT FLASH_CACHE DEFAULT CELL_FLASH_CACHE DEFAULT)
  TABLESPACE "USERS"  ENABLE;
--------------------------------------------------------
--  Constraints for Table INQUIRY
--------------------------------------------------------

  ALTER TABLE "SYSTEM"."INQUIRY" MODIFY ("INQUIRY_NO" NOT NULL ENABLE);
  ALTER TABLE "SYSTEM"."INQUIRY" MODIFY ("USER_ID" NOT NULL ENABLE);
  ALTER TABLE "SYSTEM"."INQUIRY" MODIFY ("CATEGORY" NOT NULL ENABLE);
  ALTER TABLE "SYSTEM"."INQUIRY" MODIFY ("TITLE" NOT NULL ENABLE);
  ALTER TABLE "SYSTEM"."INQUIRY" MODIFY ("CONTENT" NOT NULL ENABLE);
  ALTER TABLE "SYSTEM"."INQUIRY" MODIFY ("STATUS" NOT NULL ENABLE);
  ALTER TABLE "SYSTEM"."INQUIRY" MODIFY ("CDATETIME" NOT NULL ENABLE);
  ALTER TABLE "SYSTEM"."INQUIRY" MODIFY ("UDATETIME" NOT NULL ENABLE);
  ALTER TABLE "SYSTEM"."INQUIRY" MODIFY ("IS_SECRET" NOT NULL ENABLE);
  ALTER TABLE "SYSTEM"."INQUIRY" ADD CONSTRAINT "PK_INQUIRY" PRIMARY KEY ("INQUIRY_NO")
  USING INDEX PCTFREE 10 INITRANS 2 MAXTRANS 255 COMPUTE STATISTICS 
  STORAGE(INITIAL 65536 NEXT 1048576 MINEXTENTS 1 MAXEXTENTS 2147483645
  PCTINCREASE 0 FREELISTS 1 FREELIST GROUPS 1
  BUFFER_POOL DEFAULT FLASH_CACHE DEFAULT CELL_FLASH_CACHE DEFAULT)
  TABLESPACE "USERS"  ENABLE;
  ALTER TABLE "SYSTEM"."INQUIRY" MODIFY ("CNT" NOT NULL ENABLE);
--------------------------------------------------------
--  Constraints for Table INQUIRY_ANSWER
--------------------------------------------------------

  ALTER TABLE "SYSTEM"."INQUIRY_ANSWER" MODIFY ("ANSWER_NO" NOT NULL ENABLE);
  ALTER TABLE "SYSTEM"."INQUIRY_ANSWER" MODIFY ("INQUIRY_NO" NOT NULL ENABLE);
  ALTER TABLE "SYSTEM"."INQUIRY_ANSWER" MODIFY ("SELLER_ID" NOT NULL ENABLE);
  ALTER TABLE "SYSTEM"."INQUIRY_ANSWER" MODIFY ("CONTENT" NOT NULL ENABLE);
  ALTER TABLE "SYSTEM"."INQUIRY_ANSWER" MODIFY ("CDATETIME" NOT NULL ENABLE);
  ALTER TABLE "SYSTEM"."INQUIRY_ANSWER" MODIFY ("UDATETIME" NOT NULL ENABLE);
  ALTER TABLE "SYSTEM"."INQUIRY_ANSWER" ADD CONSTRAINT "PK_ANSWER" PRIMARY KEY ("ANSWER_NO")
  USING INDEX PCTFREE 10 INITRANS 2 MAXTRANS 255 COMPUTE STATISTICS 
  STORAGE(INITIAL 65536 NEXT 1048576 MINEXTENTS 1 MAXEXTENTS 2147483645
  PCTINCREASE 0 FREELISTS 1 FREELIST GROUPS 1
  BUFFER_POOL DEFAULT FLASH_CACHE DEFAULT CELL_FLASH_CACHE DEFAULT)
  TABLESPACE "USERS"  ENABLE;
--------------------------------------------------------
--  Constraints for Table MAIN_BANNER
--------------------------------------------------------

  ALTER TABLE "SYSTEM"."MAIN_BANNER" MODIFY ("TITLE" NOT NULL ENABLE);
  ALTER TABLE "SYSTEM"."MAIN_BANNER" MODIFY ("DISPLAY_ORDER" NOT NULL ENABLE);
  ALTER TABLE "SYSTEM"."MAIN_BANNER" MODIFY ("IS_ACTIVE" NOT NULL ENABLE);
  ALTER TABLE "SYSTEM"."MAIN_BANNER" MODIFY ("CDATETIME" NOT NULL ENABLE);
  ALTER TABLE "SYSTEM"."MAIN_BANNER" MODIFY ("UDATETIME" NOT NULL ENABLE);
  ALTER TABLE "SYSTEM"."MAIN_BANNER" MODIFY ("LINK_URL" NOT NULL ENABLE);
  ALTER TABLE "SYSTEM"."MAIN_BANNER" MODIFY ("IMAGE_URL" NOT NULL ENABLE);
  ALTER TABLE "SYSTEM"."MAIN_BANNER" ADD PRIMARY KEY ("BANNER_NO")
  USING INDEX PCTFREE 10 INITRANS 2 MAXTRANS 255 COMPUTE STATISTICS 
  STORAGE(INITIAL 65536 NEXT 1048576 MINEXTENTS 1 MAXEXTENTS 2147483645
  PCTINCREASE 0 FREELISTS 1 FREELIST GROUPS 1
  BUFFER_POOL DEFAULT FLASH_CACHE DEFAULT CELL_FLASH_CACHE DEFAULT)
  TABLESPACE "USERS"  ENABLE;
--------------------------------------------------------
--  Constraints for Table NOTICE
--------------------------------------------------------

  ALTER TABLE "SYSTEM"."NOTICE" MODIFY ("NOTICE_NO" NOT NULL ENABLE);
  ALTER TABLE "SYSTEM"."NOTICE" MODIFY ("USER_ID" NOT NULL ENABLE);
  ALTER TABLE "SYSTEM"."NOTICE" MODIFY ("TITLE" NOT NULL ENABLE);
  ALTER TABLE "SYSTEM"."NOTICE" MODIFY ("CONTENTS" NOT NULL ENABLE);
  ALTER TABLE "SYSTEM"."NOTICE" MODIFY ("CNT" NOT NULL ENABLE);
  ALTER TABLE "SYSTEM"."NOTICE" MODIFY ("CDATETIME" NOT NULL ENABLE);
  ALTER TABLE "SYSTEM"."NOTICE" MODIFY ("UDATETIME" NOT NULL ENABLE);
  ALTER TABLE "SYSTEM"."NOTICE" ADD CONSTRAINT "PK_NOTICE" PRIMARY KEY ("NOTICE_NO")
  USING INDEX PCTFREE 10 INITRANS 2 MAXTRANS 255 COMPUTE STATISTICS 
  STORAGE(INITIAL 65536 NEXT 1048576 MINEXTENTS 1 MAXEXTENTS 2147483645
  PCTINCREASE 0 FREELISTS 1 FREELIST GROUPS 1
  BUFFER_POOL DEFAULT FLASH_CACHE DEFAULT CELL_FLASH_CACHE DEFAULT)
  TABLESPACE "USERS"  ENABLE;
--------------------------------------------------------
--  Constraints for Table NOTICE_COMMENT
--------------------------------------------------------

  ALTER TABLE "SYSTEM"."NOTICE_COMMENT" MODIFY ("COMMENT_NO" NOT NULL ENABLE);
  ALTER TABLE "SYSTEM"."NOTICE_COMMENT" MODIFY ("NOTICE_NO" NOT NULL ENABLE);
  ALTER TABLE "SYSTEM"."NOTICE_COMMENT" MODIFY ("USER_ID" NOT NULL ENABLE);
  ALTER TABLE "SYSTEM"."NOTICE_COMMENT" MODIFY ("CONTENTS" NOT NULL ENABLE);
  ALTER TABLE "SYSTEM"."NOTICE_COMMENT" MODIFY ("CDATETIME" NOT NULL ENABLE);
  ALTER TABLE "SYSTEM"."NOTICE_COMMENT" MODIFY ("UDATETIME" NOT NULL ENABLE);
  ALTER TABLE "SYSTEM"."NOTICE_COMMENT" ADD CONSTRAINT "PK_NOTICE_COMMENT" PRIMARY KEY ("COMMENT_NO")
  USING INDEX PCTFREE 10 INITRANS 2 MAXTRANS 255 COMPUTE STATISTICS 
  STORAGE(INITIAL 65536 NEXT 1048576 MINEXTENTS 1 MAXEXTENTS 2147483645
  PCTINCREASE 0 FREELISTS 1 FREELIST GROUPS 1
  BUFFER_POOL DEFAULT FLASH_CACHE DEFAULT CELL_FLASH_CACHE DEFAULT)
  TABLESPACE "USERS"  ENABLE;
--------------------------------------------------------
--  Constraints for Table ORDER_ITEM
--------------------------------------------------------

  ALTER TABLE "SYSTEM"."ORDER_ITEM" MODIFY ("ORDER_ITEM_NO" NOT NULL ENABLE);
  ALTER TABLE "SYSTEM"."ORDER_ITEM" MODIFY ("QUANTITY" NOT NULL ENABLE);
  ALTER TABLE "SYSTEM"."ORDER_ITEM" MODIFY ("PRICE" NOT NULL ENABLE);
  ALTER TABLE "SYSTEM"."ORDER_ITEM" MODIFY ("PRODUCT_NO" NOT NULL ENABLE);
  ALTER TABLE "SYSTEM"."ORDER_ITEM" MODIFY ("ORDER_NO" NOT NULL ENABLE);
  ALTER TABLE "SYSTEM"."ORDER_ITEM" ADD CONSTRAINT "PK_ORDER_ITEM" PRIMARY KEY ("ORDER_ITEM_NO")
  USING INDEX PCTFREE 10 INITRANS 2 MAXTRANS 255 COMPUTE STATISTICS 
  STORAGE(INITIAL 65536 NEXT 1048576 MINEXTENTS 1 MAXEXTENTS 2147483645
  PCTINCREASE 0 FREELISTS 1 FREELIST GROUPS 1
  BUFFER_POOL DEFAULT FLASH_CACHE DEFAULT CELL_FLASH_CACHE DEFAULT)
  TABLESPACE "USERS"  ENABLE;
--------------------------------------------------------
--  Constraints for Table ORDERS
--------------------------------------------------------

  ALTER TABLE "SYSTEM"."ORDERS" MODIFY ("ORDER_NO" NOT NULL ENABLE);
  ALTER TABLE "SYSTEM"."ORDERS" MODIFY ("TOTAL_PRICE" NOT NULL ENABLE);
  ALTER TABLE "SYSTEM"."ORDERS" MODIFY ("STATUS" NOT NULL ENABLE);
  ALTER TABLE "SYSTEM"."ORDERS" MODIFY ("RECEIV_NAME" NOT NULL ENABLE);
  ALTER TABLE "SYSTEM"."ORDERS" MODIFY ("RECEIV_PHONE" NOT NULL ENABLE);
  ALTER TABLE "SYSTEM"."ORDERS" MODIFY ("DELIVER_ADDR" NOT NULL ENABLE);
  ALTER TABLE "SYSTEM"."ORDERS" MODIFY ("ORDERDATE" NOT NULL ENABLE);
  ALTER TABLE "SYSTEM"."ORDERS" MODIFY ("UDATETIME" NOT NULL ENABLE);
  ALTER TABLE "SYSTEM"."ORDERS" MODIFY ("BUYER_ID" NOT NULL ENABLE);
  ALTER TABLE "SYSTEM"."ORDERS" ADD CONSTRAINT "PK_ORDERS" PRIMARY KEY ("ORDER_NO")
  USING INDEX PCTFREE 10 INITRANS 2 MAXTRANS 255 COMPUTE STATISTICS 
  STORAGE(INITIAL 65536 NEXT 1048576 MINEXTENTS 1 MAXEXTENTS 2147483645
  PCTINCREASE 0 FREELISTS 1 FREELIST GROUPS 1
  BUFFER_POOL DEFAULT FLASH_CACHE DEFAULT CELL_FLASH_CACHE DEFAULT)
  TABLESPACE "USERS"  ENABLE;
--------------------------------------------------------
--  Constraints for Table PAYMENT
--------------------------------------------------------

  ALTER TABLE "SYSTEM"."PAYMENT" MODIFY ("PAYMENT_NO" NOT NULL ENABLE);
  ALTER TABLE "SYSTEM"."PAYMENT" MODIFY ("ORDER_NO" NOT NULL ENABLE);
  ALTER TABLE "SYSTEM"."PAYMENT" MODIFY ("PAYMENT_METHOD" NOT NULL ENABLE);
  ALTER TABLE "SYSTEM"."PAYMENT" MODIFY ("PAYMENT_STATUS" NOT NULL ENABLE);
  ALTER TABLE "SYSTEM"."PAYMENT" MODIFY ("TRANSACTION_NO" NOT NULL ENABLE);
  ALTER TABLE "SYSTEM"."PAYMENT" MODIFY ("AMOUNT" NOT NULL ENABLE);
  ALTER TABLE "SYSTEM"."PAYMENT" MODIFY ("PAID_AT" NOT NULL ENABLE);
  ALTER TABLE "SYSTEM"."PAYMENT" ADD CONSTRAINT "PK_PAYMENT" PRIMARY KEY ("PAYMENT_NO")
  USING INDEX PCTFREE 10 INITRANS 2 MAXTRANS 255 COMPUTE STATISTICS 
  STORAGE(INITIAL 65536 NEXT 1048576 MINEXTENTS 1 MAXEXTENTS 2147483645
  PCTINCREASE 0 FREELISTS 1 FREELIST GROUPS 1
  BUFFER_POOL DEFAULT FLASH_CACHE DEFAULT CELL_FLASH_CACHE DEFAULT)
  TABLESPACE "USERS"  ENABLE;
--------------------------------------------------------
--  Constraints for Table PRODUCT
--------------------------------------------------------

  ALTER TABLE "SYSTEM"."PRODUCT" MODIFY ("PRODUCT_NO" NOT NULL ENABLE);
  ALTER TABLE "SYSTEM"."PRODUCT" MODIFY ("SELLER_ID" NOT NULL ENABLE);
  ALTER TABLE "SYSTEM"."PRODUCT" MODIFY ("CATEGORY_NO" NOT NULL ENABLE);
  ALTER TABLE "SYSTEM"."PRODUCT" MODIFY ("PNAME" NOT NULL ENABLE);
  ALTER TABLE "SYSTEM"."PRODUCT" MODIFY ("PINFO" NOT NULL ENABLE);
  ALTER TABLE "SYSTEM"."PRODUCT" MODIFY ("PRICE" NOT NULL ENABLE);
  ALTER TABLE "SYSTEM"."PRODUCT" MODIFY ("ORIGIN" NOT NULL ENABLE);
  ALTER TABLE "SYSTEM"."PRODUCT" MODIFY ("CDATETIME" NOT NULL ENABLE);
  ALTER TABLE "SYSTEM"."PRODUCT" MODIFY ("UDATETIME" NOT NULL ENABLE);
  ALTER TABLE "SYSTEM"."PRODUCT" MODIFY ("RECOMMEND" NOT NULL ENABLE);
  ALTER TABLE "SYSTEM"."PRODUCT" ADD CONSTRAINT "PK_PRODUCT" PRIMARY KEY ("PRODUCT_NO")
  USING INDEX PCTFREE 10 INITRANS 2 MAXTRANS 255 COMPUTE STATISTICS 
  STORAGE(INITIAL 65536 NEXT 1048576 MINEXTENTS 1 MAXEXTENTS 2147483645
  PCTINCREASE 0 FREELISTS 1 FREELIST GROUPS 1
  BUFFER_POOL DEFAULT FLASH_CACHE DEFAULT CELL_FLASH_CACHE DEFAULT)
  TABLESPACE "USERS"  ENABLE;
  ALTER TABLE "SYSTEM"."PRODUCT" MODIFY ("PRODUCT_STATUS" NOT NULL ENABLE);
--------------------------------------------------------
--  Constraints for Table PRODUCT_CATEGORY
--------------------------------------------------------

  ALTER TABLE "SYSTEM"."PRODUCT_CATEGORY" MODIFY ("CATEGORY_NO" NOT NULL ENABLE);
  ALTER TABLE "SYSTEM"."PRODUCT_CATEGORY" MODIFY ("CATEGORY_NAME" NOT NULL ENABLE);
  ALTER TABLE "SYSTEM"."PRODUCT_CATEGORY" ADD CONSTRAINT "PK_PRODUCT_CATEGORY" PRIMARY KEY ("CATEGORY_NO")
  USING INDEX PCTFREE 10 INITRANS 2 MAXTRANS 255 COMPUTE STATISTICS 
  STORAGE(INITIAL 65536 NEXT 1048576 MINEXTENTS 1 MAXEXTENTS 2147483645
  PCTINCREASE 0 FREELISTS 1 FREELIST GROUPS 1
  BUFFER_POOL DEFAULT FLASH_CACHE DEFAULT CELL_FLASH_CACHE DEFAULT)
  TABLESPACE "USERS"  ENABLE;
--------------------------------------------------------
--  Constraints for Table PRODUCT_IMAGE
--------------------------------------------------------

  ALTER TABLE "SYSTEM"."PRODUCT_IMAGE" MODIFY ("IMAGE_ID" NOT NULL ENABLE);
  ALTER TABLE "SYSTEM"."PRODUCT_IMAGE" MODIFY ("PRODUCT_NO" NOT NULL ENABLE);
  ALTER TABLE "SYSTEM"."PRODUCT_IMAGE" MODIFY ("IS_THUMBNAIL" NOT NULL ENABLE);
  ALTER TABLE "SYSTEM"."PRODUCT_IMAGE" ADD CONSTRAINT "PK_PRODUCT_IMAGE" PRIMARY KEY ("IMAGE_ID")
  USING INDEX PCTFREE 10 INITRANS 2 MAXTRANS 255 COMPUTE STATISTICS 
  STORAGE(INITIAL 65536 NEXT 1048576 MINEXTENTS 1 MAXEXTENTS 2147483645
  PCTINCREASE 0 FREELISTS 1 FREELIST GROUPS 1
  BUFFER_POOL DEFAULT FLASH_CACHE DEFAULT CELL_FLASH_CACHE DEFAULT)
  TABLESPACE "USERS"  ENABLE;
  ALTER TABLE "SYSTEM"."PRODUCT_IMAGE" MODIFY ("IMAGE_URL" NOT NULL ENABLE);
--------------------------------------------------------
--  Constraints for Table PRODUCT_OPTION
--------------------------------------------------------

  ALTER TABLE "SYSTEM"."PRODUCT_OPTION" MODIFY ("STOCK_QTY" NOT NULL ENABLE);
  ALTER TABLE "SYSTEM"."PRODUCT_OPTION" ADD CHECK (IS_ACTIVE IN ('Y','N')) ENABLE;
  ALTER TABLE "SYSTEM"."PRODUCT_OPTION" ADD PRIMARY KEY ("OPTION_NO")
  USING INDEX PCTFREE 10 INITRANS 2 MAXTRANS 255 COMPUTE STATISTICS 
  STORAGE(INITIAL 65536 NEXT 1048576 MINEXTENTS 1 MAXEXTENTS 2147483645
  PCTINCREASE 0 FREELISTS 1 FREELIST GROUPS 1
  BUFFER_POOL DEFAULT FLASH_CACHE DEFAULT CELL_FLASH_CACHE DEFAULT)
  TABLESPACE "USERS"  ENABLE;
  ALTER TABLE "SYSTEM"."PRODUCT_OPTION" MODIFY ("CDATETIME" NOT NULL ENABLE);
  ALTER TABLE "SYSTEM"."PRODUCT_OPTION" MODIFY ("UDATETIME" NOT NULL ENABLE);
  ALTER TABLE "SYSTEM"."PRODUCT_OPTION" MODIFY ("ADD_PRICE" NOT NULL ENABLE);
  ALTER TABLE "SYSTEM"."PRODUCT_OPTION" MODIFY ("IS_ACTIVE" NOT NULL ENABLE);
  ALTER TABLE "SYSTEM"."PRODUCT_OPTION" MODIFY ("UNIT" NOT NULL ENABLE);
  ALTER TABLE "SYSTEM"."PRODUCT_OPTION" MODIFY ("PRODUCT_NO" NOT NULL ENABLE);
--------------------------------------------------------
--  Constraints for Table PRODUCT_QNA
--------------------------------------------------------

  ALTER TABLE "SYSTEM"."PRODUCT_QNA" MODIFY ("IS_SECRET" NOT NULL ENABLE);
  ALTER TABLE "SYSTEM"."PRODUCT_QNA" MODIFY ("STATUS" NOT NULL ENABLE);
  ALTER TABLE "SYSTEM"."PRODUCT_QNA" MODIFY ("CNT" NOT NULL ENABLE);
  ALTER TABLE "SYSTEM"."PRODUCT_QNA" MODIFY ("CDATETIME" NOT NULL ENABLE);
  ALTER TABLE "SYSTEM"."PRODUCT_QNA" MODIFY ("UDATETIME" NOT NULL ENABLE);
  ALTER TABLE "SYSTEM"."PRODUCT_QNA" MODIFY ("PRODUCT_NO" NOT NULL ENABLE);
  ALTER TABLE "SYSTEM"."PRODUCT_QNA" MODIFY ("USER_ID" NOT NULL ENABLE);
  ALTER TABLE "SYSTEM"."PRODUCT_QNA" MODIFY ("TITLE" NOT NULL ENABLE);
  ALTER TABLE "SYSTEM"."PRODUCT_QNA" MODIFY ("CONTENT" NOT NULL ENABLE);
  ALTER TABLE "SYSTEM"."PRODUCT_QNA" ADD PRIMARY KEY ("QNA_NO")
  USING INDEX PCTFREE 10 INITRANS 2 MAXTRANS 255 COMPUTE STATISTICS 
  STORAGE(INITIAL 65536 NEXT 1048576 MINEXTENTS 1 MAXEXTENTS 2147483645
  PCTINCREASE 0 FREELISTS 1 FREELIST GROUPS 1
  BUFFER_POOL DEFAULT FLASH_CACHE DEFAULT CELL_FLASH_CACHE DEFAULT)
  TABLESPACE "USERS"  ENABLE;
--------------------------------------------------------
--  Constraints for Table PRODUCT_QNA_ANSWER
--------------------------------------------------------

  ALTER TABLE "SYSTEM"."PRODUCT_QNA_ANSWER" MODIFY ("UDATETIME" NOT NULL ENABLE);
  ALTER TABLE "SYSTEM"."PRODUCT_QNA_ANSWER" MODIFY ("CDATETIME" NOT NULL ENABLE);
  ALTER TABLE "SYSTEM"."PRODUCT_QNA_ANSWER" MODIFY ("QNA_NO" NOT NULL ENABLE);
  ALTER TABLE "SYSTEM"."PRODUCT_QNA_ANSWER" MODIFY ("SELLER_ID" NOT NULL ENABLE);
  ALTER TABLE "SYSTEM"."PRODUCT_QNA_ANSWER" MODIFY ("CONTENT" NOT NULL ENABLE);
  ALTER TABLE "SYSTEM"."PRODUCT_QNA_ANSWER" ADD PRIMARY KEY ("ANSWER_NO")
  USING INDEX PCTFREE 10 INITRANS 2 MAXTRANS 255 COMPUTE STATISTICS 
  STORAGE(INITIAL 65536 NEXT 1048576 MINEXTENTS 1 MAXEXTENTS 2147483645
  PCTINCREASE 0 FREELISTS 1 FREELIST GROUPS 1
  BUFFER_POOL DEFAULT FLASH_CACHE DEFAULT CELL_FLASH_CACHE DEFAULT)
  TABLESPACE "USERS"  ENABLE;
--------------------------------------------------------
--  Constraints for Table REFUND
--------------------------------------------------------

  ALTER TABLE "SYSTEM"."REFUND" MODIFY ("REFUND_NO" NOT NULL ENABLE);
  ALTER TABLE "SYSTEM"."REFUND" MODIFY ("ORDER_ITEM_NO" NOT NULL ENABLE);
  ALTER TABLE "SYSTEM"."REFUND" MODIFY ("REFUND_AMOUNT" NOT NULL ENABLE);
  ALTER TABLE "SYSTEM"."REFUND" MODIFY ("REASON" NOT NULL ENABLE);
  ALTER TABLE "SYSTEM"."REFUND" MODIFY ("STATUS" NOT NULL ENABLE);
  ALTER TABLE "SYSTEM"."REFUND" MODIFY ("REQUESTED_AT" NOT NULL ENABLE);
  ALTER TABLE "SYSTEM"."REFUND" ADD CONSTRAINT "PK_REFUND" PRIMARY KEY ("REFUND_NO")
  USING INDEX PCTFREE 10 INITRANS 2 MAXTRANS 255 COMPUTE STATISTICS 
  STORAGE(INITIAL 65536 NEXT 1048576 MINEXTENTS 1 MAXEXTENTS 2147483645
  PCTINCREASE 0 FREELISTS 1 FREELIST GROUPS 1
  BUFFER_POOL DEFAULT FLASH_CACHE DEFAULT CELL_FLASH_CACHE DEFAULT)
  TABLESPACE "USERS"  ENABLE;
--------------------------------------------------------
--  Constraints for Table REVIEW
--------------------------------------------------------

  ALTER TABLE "SYSTEM"."REVIEW" MODIFY ("REVIEW_NO" NOT NULL ENABLE);
  ALTER TABLE "SYSTEM"."REVIEW" MODIFY ("RATING" NOT NULL ENABLE);
  ALTER TABLE "SYSTEM"."REVIEW" MODIFY ("UDATETIME" NOT NULL ENABLE);
  ALTER TABLE "SYSTEM"."REVIEW" MODIFY ("CONTENT" NOT NULL ENABLE);
  ALTER TABLE "SYSTEM"."REVIEW" MODIFY ("CREATED_AT" NOT NULL ENABLE);
  ALTER TABLE "SYSTEM"."REVIEW" MODIFY ("USER_ID" NOT NULL ENABLE);
  ALTER TABLE "SYSTEM"."REVIEW" MODIFY ("PRODUCT_NO" NOT NULL ENABLE);
  ALTER TABLE "SYSTEM"."REVIEW" MODIFY ("ORDER_ITEM_NO" NOT NULL ENABLE);
  ALTER TABLE "SYSTEM"."REVIEW" ADD CONSTRAINT "PK_REVIEW" PRIMARY KEY ("REVIEW_NO")
  USING INDEX PCTFREE 10 INITRANS 2 MAXTRANS 255 COMPUTE STATISTICS 
  STORAGE(INITIAL 65536 NEXT 1048576 MINEXTENTS 1 MAXEXTENTS 2147483645
  PCTINCREASE 0 FREELISTS 1 FREELIST GROUPS 1
  BUFFER_POOL DEFAULT FLASH_CACHE DEFAULT CELL_FLASH_CACHE DEFAULT)
  TABLESPACE "USERS"  ENABLE;
--------------------------------------------------------
--  Constraints for Table REVIEW_COMMENT
--------------------------------------------------------

  ALTER TABLE "SYSTEM"."REVIEW_COMMENT" MODIFY ("COMMENT_NO" NOT NULL ENABLE);
  ALTER TABLE "SYSTEM"."REVIEW_COMMENT" MODIFY ("REVIEW_NO" NOT NULL ENABLE);
  ALTER TABLE "SYSTEM"."REVIEW_COMMENT" MODIFY ("USER_ID" NOT NULL ENABLE);
  ALTER TABLE "SYSTEM"."REVIEW_COMMENT" MODIFY ("CONTENTS" NOT NULL ENABLE);
  ALTER TABLE "SYSTEM"."REVIEW_COMMENT" MODIFY ("CDATETIME" NOT NULL ENABLE);
  ALTER TABLE "SYSTEM"."REVIEW_COMMENT" MODIFY ("UDATETIME" NOT NULL ENABLE);
  ALTER TABLE "SYSTEM"."REVIEW_COMMENT" ADD CONSTRAINT "PK_COMMENT" PRIMARY KEY ("COMMENT_NO")
  USING INDEX PCTFREE 10 INITRANS 2 MAXTRANS 255 COMPUTE STATISTICS 
  STORAGE(INITIAL 65536 NEXT 1048576 MINEXTENTS 1 MAXEXTENTS 2147483645
  PCTINCREASE 0 FREELISTS 1 FREELIST GROUPS 1
  BUFFER_POOL DEFAULT FLASH_CACHE DEFAULT CELL_FLASH_CACHE DEFAULT)
  TABLESPACE "USERS"  ENABLE;
--------------------------------------------------------
--  Constraints for Table REVIEW_IMAGE
--------------------------------------------------------

  ALTER TABLE "SYSTEM"."REVIEW_IMAGE" MODIFY ("IMAGE_NO" NOT NULL ENABLE);
  ALTER TABLE "SYSTEM"."REVIEW_IMAGE" MODIFY ("REVIEW_NO" NOT NULL ENABLE);
  ALTER TABLE "SYSTEM"."REVIEW_IMAGE" MODIFY ("IMAGE_URL" NOT NULL ENABLE);
  ALTER TABLE "SYSTEM"."REVIEW_IMAGE" ADD CONSTRAINT "PK_REVIEW_IMAGE" PRIMARY KEY ("IMAGE_NO")
  USING INDEX PCTFREE 10 INITRANS 2 MAXTRANS 255 COMPUTE STATISTICS 
  STORAGE(INITIAL 65536 NEXT 1048576 MINEXTENTS 1 MAXEXTENTS 2147483645
  PCTINCREASE 0 FREELISTS 1 FREELIST GROUPS 1
  BUFFER_POOL DEFAULT FLASH_CACHE DEFAULT CELL_FLASH_CACHE DEFAULT)
  TABLESPACE "USERS"  ENABLE;
  ALTER TABLE "SYSTEM"."REVIEW_IMAGE" MODIFY ("CDATETIME" NOT NULL ENABLE);
  ALTER TABLE "SYSTEM"."REVIEW_IMAGE" MODIFY ("UDATETIME" NOT NULL ENABLE);
--------------------------------------------------------
--  Constraints for Table REVIEW_RECOMMEND
--------------------------------------------------------

  ALTER TABLE "SYSTEM"."REVIEW_RECOMMEND" MODIFY ("USER_ID" NOT NULL ENABLE);
  ALTER TABLE "SYSTEM"."REVIEW_RECOMMEND" MODIFY ("REVIEW_NO" NOT NULL ENABLE);
  ALTER TABLE "SYSTEM"."REVIEW_RECOMMEND" MODIFY ("CDATETIME" NOT NULL ENABLE);
  ALTER TABLE "SYSTEM"."REVIEW_RECOMMEND" ADD CONSTRAINT "PK_REVIEW_RECOMMEND" PRIMARY KEY ("USER_ID", "REVIEW_NO")
  USING INDEX PCTFREE 10 INITRANS 2 MAXTRANS 255 COMPUTE STATISTICS 
  STORAGE(INITIAL 65536 NEXT 1048576 MINEXTENTS 1 MAXEXTENTS 2147483645
  PCTINCREASE 0 FREELISTS 1 FREELIST GROUPS 1
  BUFFER_POOL DEFAULT FLASH_CACHE DEFAULT CELL_FLASH_CACHE DEFAULT)
  TABLESPACE "USERS"  ENABLE;
--------------------------------------------------------
--  Constraints for Table SELLER_INFO
--------------------------------------------------------

  ALTER TABLE "SYSTEM"."SELLER_INFO" MODIFY ("USER_ID" NOT NULL ENABLE);
  ALTER TABLE "SYSTEM"."SELLER_INFO" MODIFY ("BUSINESS_NAME" NOT NULL ENABLE);
  ALTER TABLE "SYSTEM"."SELLER_INFO" MODIFY ("BUSINESS_LI" NOT NULL ENABLE);
  ALTER TABLE "SYSTEM"."SELLER_INFO" MODIFY ("VERIFIED" NOT NULL ENABLE);
  ALTER TABLE "SYSTEM"."SELLER_INFO" ADD CONSTRAINT "PK_SELLER_INFO" PRIMARY KEY ("USER_ID")
  USING INDEX PCTFREE 10 INITRANS 2 MAXTRANS 255 COMPUTE STATISTICS 
  STORAGE(INITIAL 65536 NEXT 1048576 MINEXTENTS 1 MAXEXTENTS 2147483645
  PCTINCREASE 0 FREELISTS 1 FREELIST GROUPS 1
  BUFFER_POOL DEFAULT FLASH_CACHE DEFAULT CELL_FLASH_CACHE DEFAULT)
  TABLESPACE "USERS"  ENABLE;
--------------------------------------------------------
--  Constraints for Table USERS
--------------------------------------------------------

  ALTER TABLE "SYSTEM"."USERS" MODIFY ("STATUS" NOT NULL ENABLE);
  ALTER TABLE "SYSTEM"."USERS" MODIFY ("USER_ID" NOT NULL ENABLE);
  ALTER TABLE "SYSTEM"."USERS" MODIFY ("EMAIL" NOT NULL ENABLE);
  ALTER TABLE "SYSTEM"."USERS" MODIFY ("NAME" NOT NULL ENABLE);
  ALTER TABLE "SYSTEM"."USERS" MODIFY ("PHONE" NOT NULL ENABLE);
  ALTER TABLE "SYSTEM"."USERS" MODIFY ("USER_ROLE" NOT NULL ENABLE);
  ALTER TABLE "SYSTEM"."USERS" MODIFY ("ADDRESS" NOT NULL ENABLE);
  ALTER TABLE "SYSTEM"."USERS" MODIFY ("CDATETIME" NOT NULL ENABLE);
  ALTER TABLE "SYSTEM"."USERS" MODIFY ("UDATETIME" NOT NULL ENABLE);
  ALTER TABLE "SYSTEM"."USERS" ADD CONSTRAINT "PK_USERS" PRIMARY KEY ("USER_ID")
  USING INDEX PCTFREE 10 INITRANS 2 MAXTRANS 255 COMPUTE STATISTICS 
  STORAGE(INITIAL 65536 NEXT 1048576 MINEXTENTS 1 MAXEXTENTS 2147483645
  PCTINCREASE 0 FREELISTS 1 FREELIST GROUPS 1
  BUFFER_POOL DEFAULT FLASH_CACHE DEFAULT CELL_FLASH_CACHE DEFAULT)
  TABLESPACE "USERS"  ENABLE;
--------------------------------------------------------
--  Ref Constraints for Table CART
--------------------------------------------------------

  ALTER TABLE "SYSTEM"."CART" ADD CONSTRAINT "FK_PRODUCT_TO_CART_1" FOREIGN KEY ("PRODUCT_NO")
	  REFERENCES "SYSTEM"."PRODUCT" ("PRODUCT_NO") ENABLE;
  ALTER TABLE "SYSTEM"."CART" ADD CONSTRAINT "FK_USERS_TO_CART_1" FOREIGN KEY ("USER_ID")
	  REFERENCES "SYSTEM"."USERS" ("USER_ID") ENABLE;
  ALTER TABLE "SYSTEM"."CART" ADD CONSTRAINT "FK_CART_OPTION" FOREIGN KEY ("OPTION_NO")
	  REFERENCES "SYSTEM"."PRODUCT_OPTION" ("OPTION_NO") ENABLE;
--------------------------------------------------------
--  Ref Constraints for Table CATEGORY_IMAGE
--------------------------------------------------------

  ALTER TABLE "SYSTEM"."CATEGORY_IMAGE" ADD CONSTRAINT "FK_CATEGORY_IMAGE" FOREIGN KEY ("CATEGORY_NO")
	  REFERENCES "SYSTEM"."PRODUCT_CATEGORY" ("CATEGORY_NO") ENABLE;
--------------------------------------------------------
--  Ref Constraints for Table DELIVERY
--------------------------------------------------------

  ALTER TABLE "SYSTEM"."DELIVERY" ADD CONSTRAINT "FK_ORDERS_TO_DELIVERY_1" FOREIGN KEY ("ORDER_NO")
	  REFERENCES "SYSTEM"."ORDERS" ("ORDER_NO") ENABLE;
--------------------------------------------------------
--  Ref Constraints for Table INQUIRY
--------------------------------------------------------

  ALTER TABLE "SYSTEM"."INQUIRY" ADD CONSTRAINT "FK_USERS_TO_INQUIRY_1" FOREIGN KEY ("USER_ID")
	  REFERENCES "SYSTEM"."USERS" ("USER_ID") ENABLE;
  ALTER TABLE "SYSTEM"."INQUIRY" ADD CONSTRAINT "FK_ORDERS_TO_INQUIRY" FOREIGN KEY ("ORDER_NO")
	  REFERENCES "SYSTEM"."ORDERS" ("ORDER_NO") ENABLE;
--------------------------------------------------------
--  Ref Constraints for Table INQUIRY_ANSWER
--------------------------------------------------------

  ALTER TABLE "SYSTEM"."INQUIRY_ANSWER" ADD CONSTRAINT "FK_INQUIRY_TO_ANSWER_1" FOREIGN KEY ("INQUIRY_NO")
	  REFERENCES "SYSTEM"."INQUIRY" ("INQUIRY_NO") ENABLE;
  ALTER TABLE "SYSTEM"."INQUIRY_ANSWER" ADD CONSTRAINT "FK_USERS_TO_ANSWER_1" FOREIGN KEY ("SELLER_ID")
	  REFERENCES "SYSTEM"."USERS" ("USER_ID") ENABLE;
--------------------------------------------------------
--  Ref Constraints for Table NOTICE
--------------------------------------------------------

  ALTER TABLE "SYSTEM"."NOTICE" ADD CONSTRAINT "FK_USERS_TO_NOTICE_1" FOREIGN KEY ("USER_ID")
	  REFERENCES "SYSTEM"."USERS" ("USER_ID") ENABLE;
--------------------------------------------------------
--  Ref Constraints for Table NOTICE_COMMENT
--------------------------------------------------------

  ALTER TABLE "SYSTEM"."NOTICE_COMMENT" ADD CONSTRAINT "FK_NOTICE_TO_COMMENT" FOREIGN KEY ("NOTICE_NO")
	  REFERENCES "SYSTEM"."NOTICE" ("NOTICE_NO") ON DELETE CASCADE ENABLE;
  ALTER TABLE "SYSTEM"."NOTICE_COMMENT" ADD CONSTRAINT "FK_USERS_TO_COMMENT" FOREIGN KEY ("USER_ID")
	  REFERENCES "SYSTEM"."USERS" ("USER_ID") ON DELETE CASCADE ENABLE;
  ALTER TABLE "SYSTEM"."NOTICE_COMMENT" ADD CONSTRAINT "FK_PARENT_TO_COMMENT" FOREIGN KEY ("PARENT_COMMENT_NO")
	  REFERENCES "SYSTEM"."NOTICE_COMMENT" ("COMMENT_NO") ON DELETE CASCADE ENABLE;
--------------------------------------------------------
--  Ref Constraints for Table ORDER_ITEM
--------------------------------------------------------

  ALTER TABLE "SYSTEM"."ORDER_ITEM" ADD CONSTRAINT "FK_ORDERS_TO_ORDER_ITEM_1" FOREIGN KEY ("ORDER_NO")
	  REFERENCES "SYSTEM"."ORDERS" ("ORDER_NO") ENABLE;
  ALTER TABLE "SYSTEM"."ORDER_ITEM" ADD CONSTRAINT "FK_PRODUCT_TO_ORDER_ITEM_1" FOREIGN KEY ("PRODUCT_NO")
	  REFERENCES "SYSTEM"."PRODUCT" ("PRODUCT_NO") DISABLE;
  ALTER TABLE "SYSTEM"."ORDER_ITEM" ADD CONSTRAINT "FK_PRODUCT_OPTION_TO_ORDER_ITEM_1" FOREIGN KEY ("OPTION_NO")
	  REFERENCES "SYSTEM"."PRODUCT_OPTION" ("OPTION_NO") ENABLE;
--------------------------------------------------------
--  Ref Constraints for Table ORDERS
--------------------------------------------------------

  ALTER TABLE "SYSTEM"."ORDERS" ADD CONSTRAINT "FK_USERS_TO_ORDERS_1" FOREIGN KEY ("BUYER_ID")
	  REFERENCES "SYSTEM"."USERS" ("USER_ID") ENABLE;
--------------------------------------------------------
--  Ref Constraints for Table PAYMENT
--------------------------------------------------------

  ALTER TABLE "SYSTEM"."PAYMENT" ADD CONSTRAINT "FK_ORDERS_TO_PAYMENT_1" FOREIGN KEY ("ORDER_NO")
	  REFERENCES "SYSTEM"."ORDERS" ("ORDER_NO") ENABLE;
--------------------------------------------------------
--  Ref Constraints for Table PRODUCT
--------------------------------------------------------

  ALTER TABLE "SYSTEM"."PRODUCT" ADD CONSTRAINT "FK_USERS_TO_PRODUCT_1" FOREIGN KEY ("SELLER_ID")
	  REFERENCES "SYSTEM"."USERS" ("USER_ID") DISABLE;
  ALTER TABLE "SYSTEM"."PRODUCT" ADD CONSTRAINT "FK_PRODUCT_CATEGORY_TO_PRODUCT_1" FOREIGN KEY ("CATEGORY_NO")
	  REFERENCES "SYSTEM"."PRODUCT_CATEGORY" ("CATEGORY_NO") ENABLE;
--------------------------------------------------------
--  Ref Constraints for Table PRODUCT_IMAGE
--------------------------------------------------------

  ALTER TABLE "SYSTEM"."PRODUCT_IMAGE" ADD CONSTRAINT "FK_PRODUCT_TO_PRODUCT_IMAGE_1" FOREIGN KEY ("PRODUCT_NO")
	  REFERENCES "SYSTEM"."PRODUCT" ("PRODUCT_NO") ENABLE;
--------------------------------------------------------
--  Ref Constraints for Table PRODUCT_OPTION
--------------------------------------------------------

  ALTER TABLE "SYSTEM"."PRODUCT_OPTION" ADD CONSTRAINT "FK_PRODUCT_OPTION_PRODUCT" FOREIGN KEY ("PRODUCT_NO")
	  REFERENCES "SYSTEM"."PRODUCT" ("PRODUCT_NO") ON DELETE CASCADE ENABLE;
--------------------------------------------------------
--  Ref Constraints for Table PRODUCT_QNA
--------------------------------------------------------

  ALTER TABLE "SYSTEM"."PRODUCT_QNA" ADD CONSTRAINT "FK_QNA_PRODUCT" FOREIGN KEY ("PRODUCT_NO")
	  REFERENCES "SYSTEM"."PRODUCT" ("PRODUCT_NO") ON DELETE CASCADE ENABLE;
--------------------------------------------------------
--  Ref Constraints for Table PRODUCT_QNA_ANSWER
--------------------------------------------------------

  ALTER TABLE "SYSTEM"."PRODUCT_QNA_ANSWER" ADD CONSTRAINT "FK_QNA_ANSWER" FOREIGN KEY ("QNA_NO")
	  REFERENCES "SYSTEM"."PRODUCT_QNA" ("QNA_NO") ON DELETE CASCADE ENABLE;
--------------------------------------------------------
--  Ref Constraints for Table REFUND
--------------------------------------------------------

  ALTER TABLE "SYSTEM"."REFUND" ADD CONSTRAINT "FK_ORDER_ITEM_TO_REFUND_1" FOREIGN KEY ("ORDER_ITEM_NO")
	  REFERENCES "SYSTEM"."ORDER_ITEM" ("ORDER_ITEM_NO") ENABLE;
--------------------------------------------------------
--  Ref Constraints for Table REVIEW
--------------------------------------------------------

  ALTER TABLE "SYSTEM"."REVIEW" ADD CONSTRAINT "FK_USERS_TO_REVIEW_1" FOREIGN KEY ("USER_ID")
	  REFERENCES "SYSTEM"."USERS" ("USER_ID") ENABLE;
  ALTER TABLE "SYSTEM"."REVIEW" ADD CONSTRAINT "FK_ORDER_ITEM_TO_REVIEW_1" FOREIGN KEY ("ORDER_ITEM_NO")
	  REFERENCES "SYSTEM"."ORDER_ITEM" ("ORDER_ITEM_NO") ENABLE;
  ALTER TABLE "SYSTEM"."REVIEW" ADD CONSTRAINT "FK_PRODUCT_TO_REVIEW_1" FOREIGN KEY ("PRODUCT_NO")
	  REFERENCES "SYSTEM"."PRODUCT" ("PRODUCT_NO") ENABLE;
--------------------------------------------------------
--  Ref Constraints for Table REVIEW_COMMENT
--------------------------------------------------------

  ALTER TABLE "SYSTEM"."REVIEW_COMMENT" ADD CONSTRAINT "FK_REVIEW_TO_COMMENT_1" FOREIGN KEY ("REVIEW_NO")
	  REFERENCES "SYSTEM"."REVIEW" ("REVIEW_NO") ENABLE;
  ALTER TABLE "SYSTEM"."REVIEW_COMMENT" ADD CONSTRAINT "FK_USERS_TO_COMMENT_1" FOREIGN KEY ("USER_ID")
	  REFERENCES "SYSTEM"."USERS" ("USER_ID") ENABLE;
--------------------------------------------------------
--  Ref Constraints for Table REVIEW_IMAGE
--------------------------------------------------------

  ALTER TABLE "SYSTEM"."REVIEW_IMAGE" ADD CONSTRAINT "FK_REVIEW_TO_REVIEW_IMAGE_1" FOREIGN KEY ("REVIEW_NO")
	  REFERENCES "SYSTEM"."REVIEW" ("REVIEW_NO") ON DELETE CASCADE ENABLE;
--------------------------------------------------------
--  Ref Constraints for Table REVIEW_RECOMMEND
--------------------------------------------------------

  ALTER TABLE "SYSTEM"."REVIEW_RECOMMEND" ADD CONSTRAINT "FK_USERS_TO_REVIEW_RECOMMEND" FOREIGN KEY ("USER_ID")
	  REFERENCES "SYSTEM"."USERS" ("USER_ID") ON DELETE CASCADE ENABLE;
  ALTER TABLE "SYSTEM"."REVIEW_RECOMMEND" ADD CONSTRAINT "FK_REVIEW_TO_REVIEW_RECOMMEND" FOREIGN KEY ("REVIEW_NO")
	  REFERENCES "SYSTEM"."REVIEW" ("REVIEW_NO") ON DELETE CASCADE ENABLE;
--------------------------------------------------------
--  Ref Constraints for Table SELLER_INFO
--------------------------------------------------------

  ALTER TABLE "SYSTEM"."SELLER_INFO" ADD CONSTRAINT "FK_USERS_TO_SELLER_INFO_1" FOREIGN KEY ("USER_ID")
	  REFERENCES "SYSTEM"."USERS" ("USER_ID") ENABLE;

